﻿ID_T_EQUIP_LOG,SITE,SYS_ID,TRACK_ID,STATUS,RMK,CYCLE_COUNT,ACTION,CYCLE_TIME,REG_DTM
31415E6F0D37A6B2E0655EED8C8868D6,KY1,E0FCA01000,228-011,CarrierDetect-0,Conveyor,,,,3/26/2025 11:23:06 AM
31415E6E488CA6B8E0655EED8C8868D6,KY1,E0FCA01000,228-101,CarrierDetect-1,Conveyor,,,,3/26/2025 11:23:44 AM
31415E6F0D3EA6B2E0655EED8C8868D6,KY1,E0FCA01000,228-102,CarrierDetect-0,Transfer,,,,3/26/2025 11:23:49 AM
31415E6D2BAEA6B6E0655EED8C8868D6,KY1,E0FCA01000,228-102,ShuttleIdle,Transfer,,,,3/26/2025 11:24:09 AM
31415E6F0D44A6B2E0655EED8C8868D6,KY1,E0FCA01000,228-102,ShuttleActive,Transfer,,,,3/26/2025 11:24:10 AM
31415E6F4929A6B4E0655EED8C8868D6,KY1,E0FCA01000,228-102,CarrierDetect-1,Transfer,,,,3/26/2025 11:24:30 AM
31415E6F492CA6B4E0655EED8C8868D6,KY1,E0FCA01000,228-101,CarrierDetect-0,Conveyor,,,,3/26/2025 11:24:36 AM
31415E401829A6BAE0655EED8C8868D6,KY1,E0FCA01000,228-011,CarrierDetect-1,Conveyor,,,,3/26/2025 11:25:12 AM
31415E6F4933A6B4E0655EED8C8868D6,KY1,E0FCA01000,228-102,CarrierDetect-0,Transfer,,,,3/26/2025 11:25:17 AM
31415E6F4936A6B4E0655EED8C8868D6,KY1,E0FCA01000,228-102,ShuttleIdle,Transfer,1,IN,01:25,3/26/2025 11:25:35 AM
31415E40182BA6BAE0655EED8C8868D6,KY1,E0FCA01000,228-102,ShuttleActive,Transfer,,,,3/26/2025 11:25:36 AM
31415E6F0D50A6B2E0655EED8C8868D6,KY1,E0FCA01000,228-102,CarrierDetect-1,Transfer,,,,3/26/2025 11:25:54 AM
31415E40182CA6BAE0655EED8C8868D6,KY1,E0FCA01000,228-011,CarrierDetect-0,Conveyor,,,,3/26/2025 11:25:58 AM
31415E6F4945A6B4E0655EED8C8868D6,KY1,E0FCA01000,228-101,CarrierDetect-1,Conveyor,,,,3/26/2025 11:26:36 AM
31415E6F4947A6B4E0655EED8C8868D6,KY1,E0FCA01000,228-102,CarrierDetect-0,Transfer,,,,3/26/2025 11:26:41 AM
31415E6E48A7A6B8E0655EED8C8868D6,KY1,E0FCA01000,228-102,ShuttleIdle,Transfer,2,OUT,01:25,3/26/2025 11:27:01 AM
31415E6F4948A6B4E0655EED8C8868D6,KY1,E0FCA01000,228-102,ShuttleActive,Transfer,,,,3/26/2025 11:27:02 AM
31415E6E48AAA6B8E0655EED8C8868D6,KY1,E0FCA01000,228-102,CarrierDetect-1,Transfer,,,,3/26/2025 11:27:21 AM
31415E6F494EA6B4E0655EED8C8868D6,KY1,E0FCA01000,228-101,CarrierDetect-0,Conveyor,,,,3/26/2025 11:27:28 AM
31415E40183BA6BAE0655EED8C8868D6,KY1,E0FCA01000,228-011,CarrierDetect-1,Conveyor,,,,3/26/2025 11:28:03 AM
31415E6D2BD5A6B6E0655EED8C8868D6,KY1,E0FCA01000,228-102,CarrierDetect-0,Transfer,,,,3/26/2025 11:28:09 AM
31415E6F495EA6B4E0655EED8C8868D6,KY1,E0FCA01000,228-102,ShuttleIdle,Transfer,3,IN,01:25,3/26/2025 11:28:27 AM
31415E401840A6BAE0655EED8C8868D6,KY1,E0FCA01000,228-102,ShuttleActive,Transfer,,,,3/26/2025 11:28:28 AM
31415E401843A6BAE0655EED8C8868D6,KY1,E0FCA01000,228-102,CarrierDetect-1,Transfer,,,,3/26/2025 11:28:46 AM
31415E6D2BD8A6B6E0655EED8C8868D6,KY1,E0FCA01000,228-011,CarrierDetect-0,Conveyor,,,,3/26/2025 11:28:51 AM
31415E6E48B9A6B8E0655EED8C8868D6,KY1,E0FCA01000,228-101,CarrierDetect-1,Conveyor,,,,3/26/2025 11:29:27 AM
31415E6E48BBA6B8E0655EED8C8868D6,KY1,E0FCA01000,228-102,CarrierDetect-0,Transfer,,,,3/26/2025 11:29:33 AM
31415E6F4971A6B4E0655EED8C8868D6,KY1,E0FCA01000,228-102,ShuttleIdle,Transfer,4,OUT,01:25,3/26/2025 11:29:53 AM
31415E6D2BE1A6B6E0655EED8C8868D6,KY1,E0FCA01000,228-102,ShuttleActive,Transfer,,,,3/26/2025 11:29:54 AM
31415E6F4974A6B4E0655EED8C8868D6,KY1,E0FCA01000,228-102,CarrierDetect-1,Transfer,,,,3/26/2025 11:30:14 AM
31415E6E48C7A6B8E0655EED8C8868D6,KY1,E0FCA01000,228-101,CarrierDetect-0,Conveyor,,,,3/26/2025 11:30:20 AM
31415E6D2BE8A6B6E0655EED8C8868D6,KY1,E0FCA01000,228-011,CarrierDetect-1,Conveyor,,,,3/26/2025 11:30:56 AM
31415E6F4980A6B4E0655EED8C8868D6,KY1,E0FCA01000,228-102,CarrierDetect-0,Transfer,,,,3/26/2025 11:31:01 AM
31415E6F0D7EA6B2E0655EED8C8868D6,KY1,E0FCA01000,228-102,ShuttleIdle,Transfer,5,IN,01:25,3/26/2025 11:31:19 AM
31415E6D2BECA6B6E0655EED8C8868D6,KY1,E0FCA01000,228-102,ShuttleActive,Transfer,,,,3/26/2025 11:31:20 AM
31415E6E48D1A6B8E0655EED8C8868D6,KY1,E0FCA01000,228-102,CarrierDetect-1,Transfer,,,,3/26/2025 11:31:38 AM
31415E6E48D3A6B8E0655EED8C8868D6,KY1,E0FCA01000,228-011,CarrierDetect-0,Conveyor,,,,3/26/2025 11:31:42 AM
31415E6F0D85A6B2E0655EED8C8868D6,KY1,E0FCA01000,228-101,CarrierDetect-1,Conveyor,,,,3/26/2025 11:32:19 AM
31415E6D2BF5A6B6E0655EED8C8868D6,KY1,E0FCA01000,228-102,CarrierDetect-0,Transfer,,,,3/26/2025 11:32:25 AM
31415E6E48DFA6B8E0655EED8C8868D6,KY1,E0FCA01000,228-102,ShuttleIdle,Transfer,6,OUT,01:24,3/26/2025 11:32:44 AM
31415E6E48E0A6B8E0655EED8C8868D6,KY1,E0FCA01000,228-102,ShuttleActive,Transfer,,,,3/26/2025 11:32:46 AM
31415E6F499AA6B4E0655EED8C8868D6,KY1,E0FCA01000,228-102,CarrierDetect-1,Transfer,,,,3/26/2025 11:33:06 AM
31415E401866A6BAE0655EED8C8868D6,KY1,E0FCA01000,228-101,CarrierDetect-0,Conveyor,,,,3/26/2025 11:33:12 AM
31415E6D2C00A6B6E0655EED8C8868D6,KY1,E0FCA01000,228-011,CarrierDetect-1,Conveyor,,,,3/26/2025 11:33:48 AM
31415E6F499DA6B4E0655EED8C8868D6,KY1,E0FCA01000,228-102,CarrierDetect-0,Transfer,,,,3/26/2025 11:33:53 AM
31415E6F49A2A6B4E0655EED8C8868D6,KY1,E0FCA01000,228-102,ShuttleIdle,Transfer,7,IN,01:25,3/26/2025 11:34:11 AM
31415E6D2C04A6B6E0655EED8C8868D6,KY1,E0FCA01000,228-102,ShuttleActive,Transfer,,,,3/26/2025 11:34:12 AM
31415E6D2C08A6B6E0655EED8C8868D6,KY1,E0FCA01000,228-102,CarrierDetect-1,Transfer,,,,3/26/2025 11:34:30 AM
31415E6F49A7A6B4E0655EED8C8868D6,KY1,E0FCA01000,228-011,CarrierDetect-0,Conveyor,,,,3/26/2025 11:34:35 AM
31415E6F0DA1A6B2E0655EED8C8868D6,KY1,E0FCA01000,228-101,CarrierDetect-1,Conveyor,,,,3/26/2025 11:35:11 AM
31415E6F49B3A6B4E0655EED8C8868D6,KY1,E0FCA01000,228-102,CarrierDetect-0,Transfer,,,,3/26/2025 11:35:17 AM
31415E6D2C0DA6B6E0655EED8C8868D6,KY1,E0FCA01000,228-102,ShuttleIdle,Transfer,8,OUT,01:25,3/26/2025 11:35:37 AM
31415E6E48FDA6B8E0655EED8C8868D6,KY1,E0FCA01000,228-102,ShuttleActive,Transfer,,,,3/26/2025 11:35:38 AM
31415E6D2C13A6B6E0655EED8C8868D6,KY1,E0FCA01000,228-102,CarrierDetect-1,Transfer,,,,3/26/2025 11:35:58 AM
31415E6E4901A6B8E0655EED8C8868D6,KY1,E0FCA01000,228-101,CarrierDetect-0,Conveyor,,,,3/26/2025 11:36:04 AM
31415E6F49BEA6B4E0655EED8C8868D6,KY1,E0FCA01000,228-011,CarrierDetect-1,Conveyor,,,,3/26/2025 11:36:40 AM
31415E6F0DAFA6B2E0655EED8C8868D6,KY1,E0FCA01000,228-102,CarrierDetect-0,Transfer,,,,3/26/2025 11:36:45 AM
31415E6E490DA6B8E0655EED8C8868D6,KY1,E0FCA01000,228-102,ShuttleIdle,Transfer,9,IN,01:25,3/26/2025 11:37:03 AM
31415E6F49C2A6B4E0655EED8C8868D6,KY1,E0FCA01000,228-102,ShuttleActive,Transfer,,,,3/26/2025 11:37:04 AM
31415E6D2C20A6B6E0655EED8C8868D6,KY1,E0FCA01000,228-102,CarrierDetect-1,Transfer,,,,3/26/2025 11:37:22 AM
31415E6F0DB3A6B2E0655EED8C8868D6,KY1,E0FCA01000,228-011,CarrierDetect-0,Conveyor,,,,3/26/2025 11:37:26 AM
31415E40188EA6BAE0655EED8C8868D6,KY1,E0FCA01000,228-101,CarrierDetect-1,Conveyor,,,,3/26/2025 11:38:04 AM
31415E6D2C23A6B6E0655EED8C8868D6,KY1,E0FCA01000,228-102,CarrierDetect-0,Transfer,,,,3/26/2025 11:38:09 AM
31415E6F49D7A6B4E0655EED8C8868D6,KY1,E0FCA01000,228-102,ShuttleIdle,Transfer,10,OUT,01:25,3/26/2025 11:38:29 AM
31415E6F0DBDA6B2E0655EED8C8868D6,KY1,E0FCA01000,228-102,ShuttleActive,Transfer,,,,3/26/2025 11:38:30 AM
31415E6D2C27A6B6E0655EED8C8868D6,KY1,E0FCA01000,228-102,CarrierDetect-1,Transfer,,,,3/26/2025 11:38:50 AM
31415E6F0DC1A6B2E0655EED8C8868D6,KY1,E0FCA01000,228-101,CarrierDetect-0,Conveyor,,,,3/26/2025 11:38:56 AM
31415E40189BA6BAE0655EED8C8868D6,KY1,E0FCA01000,228-011,CarrierDetect-1,Conveyor,,,,3/26/2025 11:39:32 AM
31415E6E4928A6B8E0655EED8C8868D6,KY1,E0FCA01000,228-102,CarrierDetect-0,Transfer,,,,3/26/2025 11:39:37 AM
31415E6E492CA6B8E0655EED8C8868D6,KY1,E0FCA01000,228-102,ShuttleIdle,Transfer,11,IN,01:25,3/26/2025 11:39:55 AM
31415E4018A1A6BAE0655EED8C8868D6,KY1,E0FCA01000,228-102,ShuttleActive,Transfer,,,,3/26/2025 11:39:56 AM
31415E6F49E7A6B4E0655EED8C8868D6,KY1,E0FCA01000,228-102,CarrierDetect-1,Transfer,,,,3/26/2025 11:40:14 AM
31415E4018A3A6BAE0655EED8C8868D6,KY1,E0FCA01000,228-011,CarrierDetect-0,Conveyor,,,,3/26/2025 11:40:19 AM
31415E4018A6A6BAE0655EED8C8868D6,KY1,E0FCA01000,228-101,CarrierDetect-1,Conveyor,,,,3/26/2025 11:40:55 AM
31415E4018A8A6BAE0655EED8C8868D6,KY1,E0FCA01000,228-102,CarrierDetect-0,Transfer,,,,3/26/2025 11:41:01 AM
31415E6E4931A6B8E0655EED8C8868D6,KY1,E0FCA01000,228-102,ShuttleIdle,Transfer,12,OUT,01:25,3/26/2025 11:41:21 AM
31415E4018ACA6BAE0655EED8C8868D6,KY1,E0FCA01000,228-102,ShuttleActive,Transfer,,,,3/26/2025 11:41:22 AM
31415E6F49FBA6B4E0655EED8C8868D6,KY1,E0FCA01000,228-102,CarrierDetect-1,Transfer,,,,3/26/2025 11:41:42 AM
31415E6D2C45A6B6E0655EED8C8868D6,KY1,E0FCA01000,228-101,CarrierDetect-0,Conveyor,,,,3/26/2025 11:41:48 AM
31415E4018B8A6BAE0655EED8C8868D6,KY1,E0FCA01000,228-011,CarrierDetect-1,Conveyor,,,,3/26/2025 11:42:24 AM
31415E6F0DDFA6B2E0655EED8C8868D6,KY1,E0FCA01000,228-102,CarrierDetect-0,Transfer,,,,3/26/2025 11:42:29 AM
31415E6F4A04A6B4E0655EED8C8868D6,KY1,E0FCA01000,228-102,ShuttleIdle,Transfer,13,IN,01:25,3/26/2025 11:42:47 AM
31415E4018B9A6BAE0655EED8C8868D6,KY1,E0FCA01000,228-102,ShuttleActive,Transfer,,,,3/26/2025 11:42:48 AM
31415E6F4A0BA6B4E0655EED8C8868D6,KY1,E0FCA01000,228-102,CarrierDetect-1,Transfer,,,,3/26/2025 11:43:06 AM
31415E4018BDA6BAE0655EED8C8868D6,KY1,E0FCA01000,228-011,CarrierDetect-0,Conveyor,,,,3/26/2025 11:43:11 AM
31415E4018C5A6BAE0655EED8C8868D6,KY1,E0FCA01000,228-101,CarrierDetect-1,Conveyor,,,,3/26/2025 11:43:48 AM
31415E6F0DEBA6B2E0655EED8C8868D6,KY1,E0FCA01000,228-102,CarrierDetect-0,Transfer,,,,3/26/2025 11:43:53 AM
31415E6F4A0FA6B4E0655EED8C8868D6,KY1,E0FCA01000,228-102,ShuttleIdle,Transfer,14,OUT,01:25,3/26/2025 11:44:13 AM
31415E6F0DEDA6B2E0655EED8C8868D6,KY1,E0FCA01000,228-102,ShuttleActive,Transfer,,,,3/26/2025 11:44:14 AM
31415E4018D1A6BAE0655EED8C8868D6,KY1,E0FCA01000,228-102,CarrierDetect-1,Transfer,,,,3/26/2025 11:44:34 AM
31415E6E4951A6B8E0655EED8C8868D6,KY1,E0FCA01000,228-101,CarrierDetect-0,Conveyor,,,,3/26/2025 11:44:40 AM
31415E6E4954A6B8E0655EED8C8868D6,KY1,E0FCA01000,228-011,CarrierDetect-1,Conveyor,,,,3/26/2025 11:45:16 AM
31415E6F0DF6A6B2E0655EED8C8868D6,KY1,E0FCA01000,228-102,CarrierDetect-0,Transfer,,,,3/26/2025 11:45:21 AM
31415E6F0DF9A6B2E0655EED8C8868D6,KY1,E0FCA01000,228-102,ShuttleIdle,Transfer,15,IN,01:25,3/26/2025 11:45:39 AM
31415E6D2C6FA6B6E0655EED8C8868D6,KY1,E0FCA01000,228-102,ShuttleActive,Transfer,,,,3/26/2025 11:45:40 AM
31415E6D2C76A6B6E0655EED8C8868D6,KY1,E0FCA01000,228-102,CarrierDetect-1,Transfer,,,,3/26/2025 11:45:58 AM
31415E6D2C78A6B6E0655EED8C8868D6,KY1,E0FCA01000,228-011,CarrierDetect-0,Conveyor,,,,3/26/2025 11:46:03 AM
31415E6D2C7AA6B6E0655EED8C8868D6,KY1,E0FCA01000,228-101,CarrierDetect-1,Conveyor,,,,3/26/2025 11:46:40 AM
31415E4018E9A6BAE0655EED8C8868D6,KY1,E0FCA01000,228-102,CarrierDetect-0,Transfer,,,,3/26/2025 11:46:45 AM
31415E6F4A23A6B4E0655EED8C8868D6,KY1,E0FCA01000,228-102,ShuttleIdle,Transfer,16,OUT,01:25,3/26/2025 11:47:05 AM
31415E6D2C81A6B6E0655EED8C8868D6,KY1,E0FCA01000,228-102,ShuttleActive,Transfer,,,,3/26/2025 11:47:06 AM
31415E4018EFA6BAE0655EED8C8868D6,KY1,E0FCA01000,228-102,CarrierDetect-1,Transfer,,,,3/26/2025 11:47:26 AM
31415E6F4A2CA6B4E0655EED8C8868D6,KY1,E0FCA01000,228-101,CarrierDetect-0,Conveyor,,,,3/26/2025 11:47:32 AM
31415E6D2C89A6B6E0655EED8C8868D6,KY1,E0FCA01000,228-011,CarrierDetect-1,Conveyor,,,,3/26/2025 11:48:08 AM
31415E6F0E08A6B2E0655EED8C8868D6,KY1,E0FCA01000,228-102,CarrierDetect-0,Transfer,,,,3/26/2025 11:48:12 AM
31415E4018FCA6BAE0655EED8C8868D6,KY1,E0FCA01000,228-102,ShuttleIdle,Transfer,17,IN,01:25,3/26/2025 11:48:31 AM
31415E6F4A31A6B4E0655EED8C8868D6,KY1,E0FCA01000,228-102,ShuttleActive,Transfer,,,,3/26/2025 11:48:32 AM
31415E6F4A33A6B4E0655EED8C8868D6,KY1,E0FCA01000,228-102,CarrierDetect-1,Transfer,,,,3/26/2025 11:48:50 AM
31415E401902A6BAE0655EED8C8868D6,KY1,E0FCA01000,228-011,CarrierDetect-0,Conveyor,,,,3/26/2025 11:48:55 AM
31415E401904A6BAE0655EED8C8868D6,KY1,E0FCA01000,228-102,CarrierDetect-0,Transfer,,,,3/26/2025 11:49:37 AM
31415E6D2C9DA6B6E0655EED8C8868D6,KY1,E0FCA01000,228-102,ShuttleIdle,Transfer,,,,3/26/2025 11:49:57 AM
31415E6F0E23A6B2E0655EED8C8868D6,KY1,E0FCA01000,228-101,CarrierDetect-1,Conveyor,,,,3/26/2025 1:12:31 PM
31415E6E4992A6B8E0655EED8C8868D6,KY1,E0FCA01000,228-102,ShuttleActive,Transfer,,,,3/26/2025 1:12:59 PM
31415E6E4998A6B8E0655EED8C8868D6,KY1,E0FCA01000,228-102,CarrierDetect-1,Transfer,,,,3/26/2025 1:13:19 PM
31415E6D2CB0A6B6E0655EED8C8868D6,KY1,E0FCA01000,228-101,CarrierDetect-0,Conveyor,,,,3/26/2025 1:13:25 PM
31415E401921A6BAE0655EED8C8868D6,KY1,E0FCA01000,228-011,CarrierDetect-1,Conveyor,,,,3/26/2025 1:14:00 PM
31415E6F4A59A6B4E0655EED8C8868D6,KY1,E0FCA01000,228-102,CarrierDetect-0,Transfer,,,,3/26/2025 1:14:05 PM
31415E6E49A3A6B8E0655EED8C8868D6,KY1,E0FCA01000,228-102,ShuttleIdle,Transfer,18,IN,01:25,3/26/2025 1:14:24 PM
31415E401929A6BAE0655EED8C8868D6,KY1,E0FCA01000,228-102,ShuttleActive,Transfer,,,,3/26/2025 1:14:25 PM
31415E401930A6BAE0655EED8C8868D6,KY1,E0FCA01000,228-102,CarrierDetect-1,Transfer,,,,3/26/2025 1:14:43 PM
31415E6D2CBDA6B6E0655EED8C8868D6,KY1,E0FCA01000,228-011,CarrierDetect-0,Conveyor,,,,3/26/2025 1:14:47 PM
31415E6F0E40A6B2E0655EED8C8868D6,KY1,E0FCA01000,228-101,CarrierDetect-1,Conveyor,,,,3/26/2025 1:15:24 PM
31415E6F0E42A6B2E0655EED8C8868D6,KY1,E0FCA01000,228-102,CarrierDetect-0,Transfer,,,,3/26/2025 1:15:30 PM
31415E40193DA6BAE0655EED8C8868D6,KY1,E0FCA01000,228-102,ShuttleActive,Transfer,,,,3/26/2025 1:15:50 PM
31415E6F0E46A6B2E0655EED8C8868D6,KY1,E0FCA01000,228-102,ShuttleIdle,Transfer,,,,3/26/2025 1:15:50 PM
31415E6F4A63A6B4E0655EED8C8868D6,KY1,E0FCA01000,228-102,CarrierDetect-1,Transfer,,,,3/26/2025 1:16:10 PM
31415E6E49B4A6B8E0655EED8C8868D6,KY1,E0FCA01000,228-101,CarrierDetect-0,Conveyor,,,,3/26/2025 1:16:17 PM
31415E6E49BCA6B8E0655EED8C8868D6,KY1,E0FCA01000,228-011,CarrierDetect-1,Conveyor,,,,3/26/2025 1:16:52 PM
31415E6E49BEA6B8E0655EED8C8868D6,KY1,E0FCA01000,228-102,CarrierDetect-0,Transfer,,,,3/26/2025 1:16:58 PM
31415E6F4A6DA6B4E0655EED8C8868D6,KY1,E0FCA01000,228-102,ShuttleIdle,Transfer,,,,3/26/2025 1:17:15 PM
31415E6E49C1A6B8E0655EED8C8868D6,KY1,E0FCA01000,228-102,ShuttleActive,Transfer,,,,3/26/2025 1:17:17 PM
31415E6E49C4A6B8E0655EED8C8868D6,KY1,E0FCA01000,228-102,CarrierDetect-1,Transfer,,,,3/26/2025 1:17:34 PM
31415E40194FA6BAE0655EED8C8868D6,KY1,E0FCA01000,228-011,CarrierDetect-0,Conveyor,,,,3/26/2025 1:17:39 PM
31415E6F4A77A6B4E0655EED8C8868D6,KY1,E0FCA01000,228-101,CarrierDetect-1,Conveyor,,,,3/26/2025 1:18:16 PM
31415E6F4A78A6B4E0655EED8C8868D6,KY1,E0FCA01000,228-102,CarrierDetect-0,Transfer,,,,3/26/2025 1:18:21 PM
31415E6D2CE1A6B6E0655EED8C8868D6,KY1,E0FCA01000,228-102,ShuttleIdle,Transfer,19,OUT,01:24,3/26/2025 1:18:41 PM
31415E6E49CDA6B8E0655EED8C8868D6,KY1,E0FCA01000,228-102,ShuttleActive,Transfer,,,,3/26/2025 1:18:42 PM
31415E6F4A81A6B4E0655EED8C8868D6,KY1,E0FCA01000,228-102,CarrierDetect-1,Transfer,,,,3/26/2025 1:19:02 PM
31415E401957A6BAE0655EED8C8868D6,KY1,E0FCA01000,228-101,CarrierDetect-0,Conveyor,,,,3/26/2025 1:19:09 PM
31415E6F4A85A6B4E0655EED8C8868D6,KY1,E0FCA01000,228-011,CarrierDetect-1,Conveyor,,,,3/26/2025 1:19:45 PM
31415E6D2CECA6B6E0655EED8C8868D6,KY1,E0FCA01000,228-102,CarrierDetect-0,Transfer,,,,3/26/2025 1:19:50 PM
31415E6F0E6FA6B2E0655EED8C8868D6,KY1,E0FCA01000,228-102,ShuttleActive,Transfer,,,,3/26/2025 1:20:08 PM
31415E6F4A8BA6B4E0655EED8C8868D6,KY1,E0FCA01000,228-102,ShuttleIdle,Transfer,,,,3/26/2025 1:20:08 PM
31415E6F0E72A6B2E0655EED8C8868D6,KY1,E0FCA01000,228-102,CarrierDetect-1,Transfer,,,,3/26/2025 1:20:26 PM
31415E40196AA6BAE0655EED8C8868D6,KY1,E0FCA01000,228-011,CarrierDetect-0,Conveyor,,,,3/26/2025 1:20:31 PM
31415E6D2CF0A6B6E0655EED8C8868D6,KY1,E0FCA01000,228-101,CarrierDetect-1,Conveyor,,,,3/26/2025 1:21:08 PM
31415E6F4A97A6B4E0655EED8C8868D6,KY1,E0FCA01000,228-102,CarrierDetect-0,Transfer,,,,3/26/2025 1:21:13 PM
31415E6D2CF6A6B6E0655EED8C8868D6,KY1,E0FCA01000,228-102,ShuttleIdle,Transfer,,,,3/26/2025 1:21:33 PM
31415E6F0E7CA6B2E0655EED8C8868D6,KY1,E0FCA01000,228-102,ShuttleActive,Transfer,,,,3/26/2025 1:21:34 PM
31415E6D2CFCA6B6E0655EED8C8868D6,KY1,E0FCA01000,228-102,CarrierDetect-1,Transfer,,,,3/26/2025 1:21:55 PM
31415E401976A6BAE0655EED8C8868D6,KY1,E0FCA01000,228-101,CarrierDetect-0,Conveyor,,,,3/26/2025 1:22:01 PM
31415E6F4AA1A6B4E0655EED8C8868D6,KY1,E0FCA01000,228-011,CarrierDetect-1,Conveyor,,,,3/26/2025 1:22:36 PM
31415E6F4AA4A6B4E0655EED8C8868D6,KY1,E0FCA01000,228-102,CarrierDetect-0,Transfer,,,,3/26/2025 1:22:42 PM
31415E6F0E87A6B2E0655EED8C8868D6,KY1,E0FCA01000,228-102,ShuttleIdle,Transfer,20,IN,01:25,3/26/2025 1:22:59 PM
31415E6E49F5A6B8E0655EED8C8868D6,KY1,E0FCA01000,228-102,ShuttleActive,Transfer,,,,3/26/2025 1:23:00 PM
31415E40197FA6BAE0655EED8C8868D6,KY1,E0FCA01000,228-102,CarrierDetect-1,Transfer,,,,3/26/2025 1:23:18 PM
31415E6F4AADA6B4E0655EED8C8868D6,KY1,E0FCA01000,228-011,CarrierDetect-0,Conveyor,,,,3/26/2025 1:23:23 PM
31415E6F0E90A6B2E0655EED8C8868D6,KY1,E0FCA01000,228-101,CarrierDetect-1,Conveyor,,,,3/26/2025 1:24:00 PM
31415E6E49FFA6B8E0655EED8C8868D6,KY1,E0FCA01000,228-102,CarrierDetect-0,Transfer,,,,3/26/2025 1:24:06 PM
31415E6F4AB3A6B4E0655EED8C8868D6,KY1,E0FCA01000,228-102,ShuttleIdle,Transfer,21,OUT,01:26,3/26/2025 1:24:26 PM
31415E6F0E91A6B2E0655EED8C8868D6,KY1,E0FCA01000,228-102,ShuttleActive,Transfer,,,,3/26/2025 1:24:26 PM
31415E401988A6BAE0655EED8C8868D6,KY1,E0FCA01000,228-102,CarrierDetect-1,Transfer,,,,3/26/2025 1:24:46 PM
31415E6E4A0BA6B8E0655EED8C8868D6,KY1,E0FCA01000,228-101,CarrierDetect-0,Conveyor,,,,3/26/2025 1:24:53 PM
31415E6E4A10A6B8E0655EED8C8868D6,KY1,E0FCA01000,228-011,CarrierDetect-1,Conveyor,,,,3/26/2025 1:25:28 PM
31415E6D2D1FA6B6E0655EED8C8868D6,KY1,E0FCA01000,228-102,CarrierDetect-0,Transfer,,,,3/26/2025 1:25:33 PM
31415E401997A6BAE0655EED8C8868D6,KY1,E0FCA01000,228-102,ShuttleActive,Transfer,,,,3/26/2025 1:25:52 PM
31415E6D2D24A6B6E0655EED8C8868D6,KY1,E0FCA01000,228-102,ShuttleIdle,Transfer,,,,3/26/2025 1:25:52 PM
31415E6F4AC3A6B4E0655EED8C8868D6,KY1,E0FCA01000,228-102,CarrierDetect-1,Transfer,,,,3/26/2025 1:26:10 PM
31415E6F4AC5A6B4E0655EED8C8868D6,KY1,E0FCA01000,228-011,CarrierDetect-0,Conveyor,,,,3/26/2025 1:26:15 PM
31415E6E4A1AA6B8E0655EED8C8868D6,KY1,E0FCA01000,228-101,CarrierDetect-1,Conveyor,,,,3/26/2025 1:26:52 PM
31415E6E4A1CA6B8E0655EED8C8868D6,KY1,E0FCA01000,228-102,CarrierDetect-0,Transfer,,,,3/26/2025 1:26:57 PM
31415E6D2D32A6B6E0655EED8C8868D6,KY1,E0FCA01000,228-102,ShuttleIdle,Transfer,,,,3/26/2025 1:27:18 PM
31415E6F0EAAA6B2E0655EED8C8868D6,KY1,E0FCA01000,228-102,ShuttleActive,Transfer,,,,3/26/2025 1:27:18 PM
31415E6E4A23A6B8E0655EED8C8868D6,KY1,E0FCA01000,228-102,CarrierDetect-1,Transfer,,,,3/26/2025 1:27:38 PM
31415E4019ABA6BAE0655EED8C8868D6,KY1,E0FCA01000,228-101,CarrierDetect-0,Conveyor,,,,3/26/2025 1:27:45 PM
31415E6F4AD4A6B4E0655EED8C8868D6,KY1,E0FCA01000,228-011,CarrierDetect-1,Conveyor,,,,3/26/2025 1:28:21 PM
31415E6D2D3EA6B6E0655EED8C8868D6,KY1,E0FCA01000,228-102,CarrierDetect-0,Transfer,,,,3/26/2025 1:28:25 PM
31415E6D2D43A6B6E0655EED8C8868D6,KY1,E0FCA01000,228-102,ShuttleIdle,Transfer,22,IN,01:26,3/26/2025 1:28:44 PM
31415E6E4A31A6B8E0655EED8C8868D6,KY1,E0FCA01000,228-102,ShuttleActive,Transfer,,,,3/26/2025 1:28:44 PM
31415E6E4A34A6B8E0655EED8C8868D6,KY1,E0FCA01000,228-102,CarrierDetect-1,Transfer,,,,3/26/2025 1:29:02 PM
31415E6F4ADCA6B4E0655EED8C8868D6,KY1,E0FCA01000,228-011,CarrierDetect-0,Conveyor,,,,3/26/2025 1:29:07 PM
31415E4019C2A6BAE0655EED8C8868D6,KY1,E0FCA01000,228-101,CarrierDetect-1,Conveyor,,,,3/26/2025 1:29:44 PM
31415E6F4ADFA6B4E0655EED8C8868D6,KY1,E0FCA01000,228-102,CarrierDetect-0,Transfer,,,,3/26/2025 1:29:50 PM
31415E6F4AE4A6B4E0655EED8C8868D6,KY1,E0FCA01000,228-102,ShuttleIdle,Transfer,23,OUT,01:25,3/26/2025 1:30:09 PM
31415E6D2D52A6B6E0655EED8C8868D6,KY1,E0FCA01000,228-102,ShuttleActive,Transfer,,,,3/26/2025 1:30:10 PM
31415E6F4AEAA6B4E0655EED8C8868D6,KY1,E0FCA01000,228-102,CarrierDetect-1,Transfer,,,,3/26/2025 1:30:30 PM
31415E4019CEA6BAE0655EED8C8868D6,KY1,E0FCA01000,228-101,CarrierDetect-0,Conveyor,,,,3/26/2025 1:30:37 PM
31415E6F4AEEA6B4E0655EED8C8868D6,KY1,E0FCA01000,228-011,CarrierDetect-1,Conveyor,,,,3/26/2025 1:31:12 PM
31415E6E4A46A6B8E0655EED8C8868D6,KY1,E0FCA01000,228-102,CarrierDetect-0,Transfer,,,,3/26/2025 1:31:18 PM
31415E6E4A4AA6B8E0655EED8C8868D6,KY1,E0FCA01000,228-102,ShuttleIdle,Transfer,24,IN,01:26,3/26/2025 1:31:36 PM
31415E6F0ECDA6B2E0655EED8C8868D6,KY1,E0FCA01000,228-102,ShuttleActive,Transfer,,,,3/26/2025 1:31:37 PM
31415E4019DDA6BAE0655EED8C8868D6,KY1,E0FCA01000,228-102,CarrierDetect-1,Transfer,,,,3/26/2025 1:31:54 PM
31415E4019DFA6BAE0655EED8C8868D6,KY1,E0FCA01000,228-011,CarrierDetect-0,Conveyor,,,,3/26/2025 1:31:59 PM
31415E6E4A51A6B8E0655EED8C8868D6,KY1,E0FCA01000,228-101,CarrierDetect-1,Conveyor,,,,3/26/2025 1:32:36 PM
31415E6F4AFEA6B4E0655EED8C8868D6,KY1,E0FCA01000,228-102,CarrierDetect-0,Transfer,,,,3/26/2025 1:32:41 PM
31415E6D2D6AA6B6E0655EED8C8868D6,KY1,E0FCA01000,228-102,ShuttleIdle,Transfer,25,OUT,01:25,3/26/2025 1:33:02 PM
31415E4019E7A6BAE0655EED8C8868D6,KY1,E0FCA01000,228-102,ShuttleActive,Transfer,,,,3/26/2025 1:33:03 PM
31415E4019ECA6BAE0655EED8C8868D6,KY1,E0FCA01000,228-102,CarrierDetect-1,Transfer,,,,3/26/2025 1:33:22 PM
31415E6F4B09A6B4E0655EED8C8868D6,KY1,E0FCA01000,228-101,CarrierDetect-0,Conveyor,,,,3/26/2025 1:33:29 PM
31415E6E4A5FA6B8E0655EED8C8868D6,KY1,E0FCA01000,228-011,CarrierDetect-1,Conveyor,,,,3/26/2025 1:34:04 PM
31415E6F4B0FA6B4E0655EED8C8868D6,KY1,E0FCA01000,228-102,CarrierDetect-0,Transfer,,,,3/26/2025 1:34:09 PM
31415E6E4A65A6B8E0655EED8C8868D6,KY1,E0FCA01000,228-102,ShuttleIdle,Transfer,26,IN,01:25,3/26/2025 1:34:28 PM
31415E6D2D7AA6B6E0655EED8C8868D6,KY1,E0FCA01000,228-102,ShuttleActive,Transfer,,,,3/26/2025 1:34:29 PM
31415E6F0EE2A6B2E0655EED8C8868D6,KY1,E0FCA01000,228-102,CarrierDetect-1,Transfer,,,,3/26/2025 1:34:46 PM
31415E4019F5A6BAE0655EED8C8868D6,KY1,E0FCA01000,228-011,CarrierDetect-0,Conveyor,,,,3/26/2025 1:34:51 PM
31415E6F0EEBA6B2E0655EED8C8868D6,KY1,E0FCA01000,228-101,CarrierDetect-1,Conveyor,,,,3/26/2025 1:35:28 PM
31415E6F4B24A6B4E0655EED8C8868D6,KY1,E0FCA01000,228-102,CarrierDetect-0,Transfer,,,,3/26/2025 1:35:34 PM
31415E6D2D81A6B6E0655EED8C8868D6,KY1,E0FCA01000,228-102,ShuttleIdle,Transfer,27,OUT,01:25,3/26/2025 1:35:54 PM
31415E6E4A71A6B8E0655EED8C8868D6,KY1,E0FCA01000,228-102,ShuttleActive,Transfer,,,,3/26/2025 1:35:55 PM
31415E6F0EF7A6B2E0655EED8C8868D6,KY1,E0FCA01000,228-102,CarrierDetect-1,Transfer,,,,3/26/2025 1:36:14 PM
31415E6F0EF8A6B2E0655EED8C8868D6,KY1,E0FCA01000,228-101,CarrierDetect-0,Conveyor,,,,3/26/2025 1:36:21 PM
31415E6D2D88A6B6E0655EED8C8868D6,KY1,E0FCA01000,228-011,CarrierDetect-1,Conveyor,,,,3/26/2025 1:36:56 PM
31415E6F4B2EA6B4E0655EED8C8868D6,KY1,E0FCA01000,228-102,CarrierDetect-0,Transfer,,,,3/26/2025 1:37:01 PM
31415E6D2D8BA6B6E0655EED8C8868D6,KY1,E0FCA01000,228-102,ShuttleIdle,Transfer,28,IN,01:24,3/26/2025 1:37:19 PM
31415E6F4B33A6B4E0655EED8C8868D6,KY1,E0FCA01000,228-102,ShuttleActive,Transfer,,,,3/26/2025 1:37:21 PM
31415E6F4B39A6B4E0655EED8C8868D6,KY1,E0FCA01000,228-102,CarrierDetect-1,Transfer,,,,3/26/2025 1:37:39 PM
31415E401A0AA6BAE0655EED8C8868D6,KY1,E0FCA01000,228-011,CarrierDetect-0,Conveyor,,,,3/26/2025 1:37:43 PM
31415E6F0F0EA6B2E0655EED8C8868D6,KY1,E0FCA01000,228-101,CarrierDetect-1,Conveyor,,,,3/26/2025 1:38:21 PM
31415E6E4A8AA6B8E0655EED8C8868D6,KY1,E0FCA01000,228-102,CarrierDetect-0,Transfer,,,,3/26/2025 1:38:26 PM
31415E401A13A6BAE0655EED8C8868D6,KY1,E0FCA01000,228-102,ShuttleIdle,Transfer,29,OUT,01:24,3/26/2025 1:38:45 PM
31415E6F4B40A6B4E0655EED8C8868D6,KY1,E0FCA01000,228-102,ShuttleActive,Transfer,,,,3/26/2025 1:38:46 PM
31415E6F4B46A6B4E0655EED8C8868D6,KY1,E0FCA01000,228-102,CarrierDetect-1,Transfer,,,,3/26/2025 1:39:07 PM
31415E6D2DA0A6B6E0655EED8C8868D6,KY1,E0FCA01000,228-101,CarrierDetect-0,Conveyor,,,,3/26/2025 1:39:13 PM
31415E6F0F1AA6B2E0655EED8C8868D6,KY1,E0FCA01000,228-011,CarrierDetect-1,Conveyor,,,,3/26/2025 1:39:48 PM
31415E6F0F1CA6B2E0655EED8C8868D6,KY1,E0FCA01000,228-102,CarrierDetect-0,Transfer,,,,3/26/2025 1:39:53 PM
31415E6F4B50A6B4E0655EED8C8868D6,KY1,E0FCA01000,228-102,ShuttleIdle,Transfer,30,IN,01:25,3/26/2025 1:40:11 PM
31415E6E4A98A6B8E0655EED8C8868D6,KY1,E0FCA01000,228-102,ShuttleActive,Transfer,,,,3/26/2025 1:40:13 PM
31415E6E4A9CA6B8E0655EED8C8868D6,KY1,E0FCA01000,228-102,CarrierDetect-1,Transfer,,,,3/26/2025 1:40:30 PM
31415E401A23A6BAE0655EED8C8868D6,KY1,E0FCA01000,228-011,CarrierDetect-0,Conveyor,,,,3/26/2025 1:40:35 PM
31415E6E4AA4A6B8E0655EED8C8868D6,KY1,E0FCA01000,228-101,CarrierDetect-1,Conveyor,,,,3/26/2025 1:41:12 PM
31415E6D2DAEA6B6E0655EED8C8868D6,KY1,E0FCA01000,228-102,CarrierDetect-0,Transfer,,,,3/26/2025 1:41:17 PM
31415E6D2DB2A6B6E0655EED8C8868D6,KY1,E0FCA01000,228-102,ShuttleIdle,Transfer,31,OUT,01:24,3/26/2025 1:41:37 PM
31415E6E4AA9A6B8E0655EED8C8868D6,KY1,E0FCA01000,228-102,ShuttleActive,Transfer,,,,3/26/2025 1:41:38 PM
31415E401A2FA6BAE0655EED8C8868D6,KY1,E0FCA01000,228-102,CarrierDetect-1,Transfer,,,,3/26/2025 1:41:58 PM
31415E6F0F38A6B2E0655EED8C8868D6,KY1,E0FCA01000,228-101,CarrierDetect-0,Conveyor,,,,3/26/2025 1:42:05 PM
31415E6F4B61A6B4E0655EED8C8868D6,KY1,E0FCA01000,228-011,CarrierDetect-1,Conveyor,,,,3/26/2025 1:42:41 PM
31415E6F0F40A6B2E0655EED8C8868D6,KY1,E0FCA01000,228-102,CarrierDetect-0,Transfer,,,,3/26/2025 1:42:45 PM
31415E6F0F42A6B2E0655EED8C8868D6,KY1,E0FCA01000,228-102,ShuttleIdle,Transfer,32,IN,01:25,3/26/2025 1:43:03 PM
31415E6F0F43A6B2E0655EED8C8868D6,KY1,E0FCA01000,228-102,ShuttleActive,Transfer,,,,3/26/2025 1:43:04 PM
31415E6E4ABBA6B8E0655EED8C8868D6,KY1,E0FCA01000,228-102,CarrierDetect-1,Transfer,,,,3/26/2025 1:43:23 PM
31415E6D2DC1A6B6E0655EED8C8868D6,KY1,E0FCA01000,228-011,CarrierDetect-0,Conveyor,,,,3/26/2025 1:43:27 PM
31415E401A45A6BAE0655EED8C8868D6,KY1,E0FCA01000,228-101,CarrierDetect-1,Conveyor,,,,3/26/2025 1:44:04 PM
31415E401A48A6BAE0655EED8C8868D6,KY1,E0FCA01000,228-102,CarrierDetect-0,Transfer,,,,3/26/2025 1:44:09 PM
31415E401A4DA6BAE0655EED8C8868D6,KY1,E0FCA01000,228-102,ShuttleIdle,Transfer,33,OUT,01:25,3/26/2025 1:44:29 PM
31415E6F0F4DA6B2E0655EED8C8868D6,KY1,E0FCA01000,228-102,ShuttleActive,Transfer,,,,3/26/2025 1:44:30 PM
31415E6F0F52A6B2E0655EED8C8868D6,KY1,E0FCA01000,228-102,CarrierDetect-1,Transfer,,,,3/26/2025 1:44:51 PM
31415E6D2DD0A6B6E0655EED8C8868D6,KY1,E0FCA01000,228-101,CarrierDetect-0,Conveyor,,,,3/26/2025 1:44:57 PM
31415E401A59A6BAE0655EED8C8868D6,KY1,E0FCA01000,228-011,CarrierDetect-1,Conveyor,,,,3/26/2025 1:45:33 PM
31415E6F4B7AA6B4E0655EED8C8868D6,KY1,E0FCA01000,228-102,CarrierDetect-0,Transfer,,,,3/26/2025 1:45:37 PM
31415E6F0F58A6B2E0655EED8C8868D6,KY1,E0FCA01000,228-102,ShuttleIdle,Transfer,34,IN,01:25,3/26/2025 1:45:55 PM
31415E6D2DDCA6B6E0655EED8C8868D6,KY1,E0FCA01000,228-102,ShuttleActive,Transfer,,,,3/26/2025 1:45:56 PM
31415E6D2DDFA6B6E0655EED8C8868D6,KY1,E0FCA01000,228-102,CarrierDetect-1,Transfer,,,,3/26/2025 1:46:14 PM
31415E401A5BA6BAE0655EED8C8868D6,KY1,E0FCA01000,228-011,CarrierDetect-0,Conveyor,,,,3/26/2025 1:46:19 PM
31415E6F0F5EA6B2E0655EED8C8868D6,KY1,E0FCA01000,228-101,CarrierDetect-1,Conveyor,,,,3/26/2025 1:46:56 PM
31415E6F0F60A6B2E0655EED8C8868D6,KY1,E0FCA01000,228-102,CarrierDetect-0,Transfer,,,,3/26/2025 1:47:01 PM
31415E6F0F66A6B2E0655EED8C8868D6,KY1,E0FCA01000,228-102,ShuttleIdle,Transfer,35,OUT,01:26,3/26/2025 1:47:22 PM
31415E6F4B8DA6B4E0655EED8C8868D6,KY1,E0FCA01000,228-102,ShuttleActive,Transfer,,,,3/26/2025 1:47:22 PM
31415E6F0F6CA6B2E0655EED8C8868D6,KY1,E0FCA01000,228-102,CarrierDetect-1,Transfer,,,,3/26/2025 1:47:42 PM
31415E6F4B94A6B4E0655EED8C8868D6,KY1,E0FCA01000,228-101,CarrierDetect-0,Conveyor,,,,3/26/2025 1:47:49 PM
31415E6F0F6FA6B2E0655EED8C8868D6,KY1,E0FCA01000,228-011,CarrierDetect-1,Conveyor,,,,3/26/2025 1:48:24 PM
31415E6E4AEAA6B8E0655EED8C8868D6,KY1,E0FCA01000,228-102,CarrierDetect-0,Transfer,,,,3/26/2025 1:48:30 PM
31415E6F0F74A6B2E0655EED8C8868D6,KY1,E0FCA01000,228-102,ShuttleIdle,Transfer,36,IN,01:25,3/26/2025 1:48:47 PM
31415E6F4B9CA6B4E0655EED8C8868D6,KY1,E0FCA01000,228-102,ShuttleActive,Transfer,,,,3/26/2025 1:48:49 PM
31415E6D2DF9A6B6E0655EED8C8868D6,KY1,E0FCA01000,228-102,CarrierDetect-1,Transfer,,,,3/26/2025 1:49:07 PM
31415E6F4B9EA6B4E0655EED8C8868D6,KY1,E0FCA01000,228-011,CarrierDetect-0,Conveyor,,,,3/26/2025 1:49:11 PM
31415E6F4BA5A6B4E0655EED8C8868D6,KY1,E0FCA01000,228-101,CarrierDetect-1,Conveyor,,,,3/26/2025 1:49:49 PM
31415E6F4BA7A6B4E0655EED8C8868D6,KY1,E0FCA01000,228-101,CarrierDetect-0,Conveyor,,,,3/26/2025 1:49:51 PM
31415E401A7EA6BAE0655EED8C8868D6,KY1,E0FCA01000,228-102,CarrierDetect-0,Transfer,,,,3/26/2025 1:49:53 PM
31415E401A82A6BAE0655EED8C8868D6,KY1,E0FCA01000,228-102,ShuttleIdle,Transfer,,,,3/26/2025 1:50:13 PM
31415E6E4B01A6B8E0655EED8C8868D6,KY1,E0FCA01000,228-101,CarrierDetect-1,Conveyor,,,,3/26/2025 2:48:00 PM
31415E6F0F84A6B2E0655EED8C8868D6,KY1,E0FCA01000,228-101,CarrierDetect-0,Conveyor,,,,3/26/2025 2:48:00 PM
31415E401A8AA6BAE0655EED8C8868D6,KY1,E0FCA01000,228-101,CarrierDetect-1,Conveyor,,,,3/26/2025 2:48:02 PM
31415E6F0F85A6B2E0655EED8C8868D6,KY1,E0FCA01000,228-101,CarrierDetect-0,Conveyor,,,,3/26/2025 2:48:04 PM
31415E6E4B02A6B8E0655EED8C8868D6,KY1,E0FCA01000,228-101,CarrierDetect-1,Conveyor,,,,3/26/2025 2:48:04 PM
31415E6D2E08A6B6E0655EED8C8868D6,KY1,E0FCA01000,228-101,CarrierDetect-0,Conveyor,,,,3/26/2025 2:48:05 PM
31415E6F0F86A6B2E0655EED8C8868D6,KY1,E0FCA01000,228-101,CarrierDetect-1,Conveyor,,,,3/26/2025 2:48:12 PM
31415E6E4B03A6B8E0655EED8C8868D6,KY1,E0FCA01000,228-101,CarrierDetect-0,Conveyor,,,,3/26/2025 2:48:12 PM
31415E6E4B04A6B8E0655EED8C8868D6,KY1,E0FCA01000,228-101,CarrierDetect-1,Conveyor,,,,3/26/2025 2:48:14 PM
31415E6E4B05A6B8E0655EED8C8868D6,KY1,E0FCA01000,228-101,CarrierDetect-0,Conveyor,,,,3/26/2025 2:48:15 PM
31415E6E4B06A6B8E0655EED8C8868D6,KY1,E0FCA01000,228-101,CarrierDetect-1,Conveyor,,,,3/26/2025 2:48:16 PM
31415E6F0F87A6B2E0655EED8C8868D6,KY1,E0FCA01000,228-101,CarrierDetect-0,Conveyor,,,,3/26/2025 2:48:17 PM
31415E401A8BA6BAE0655EED8C8868D6,KY1,E0FCA01000,228-101,CarrierDetect-1,Conveyor,,,,3/26/2025 2:48:20 PM
31415E6E4B07A6B8E0655EED8C8868D6,KY1,E0FCA01000,228-101,CarrierDetect-0,Conveyor,,,,3/26/2025 2:48:21 PM
31415E6E4B08A6B8E0655EED8C8868D6,KY1,E0FCA01000,228-101,CarrierDetect-1,Conveyor,,,,3/26/2025 2:48:22 PM
31415E6E4B09A6B8E0655EED8C8868D6,KY1,E0FCA01000,228-101,CarrierDetect-0,Conveyor,,,,3/26/2025 2:48:22 PM
31415E6F0F88A6B2E0655EED8C8868D6,KY1,E0FCA01000,228-101,CarrierDetect-1,Conveyor,,,,3/26/2025 2:48:27 PM
31415E6D2E09A6B6E0655EED8C8868D6,KY1,E0FCA01000,228-101,CarrierDetect-0,Conveyor,,,,3/26/2025 2:48:28 PM
31415E6F0F89A6B2E0655EED8C8868D6,KY1,E0FCA01000,228-101,CarrierDetect-1,Conveyor,,,,3/26/2025 2:48:28 PM
31415E6F0F8AA6B2E0655EED8C8868D6,KY1,E0FCA01000,228-101,CarrierDetect-0,Conveyor,,,,3/26/2025 2:48:30 PM
31415E6E4B0AA6B8E0655EED8C8868D6,KY1,E0FCA01000,228-101,CarrierDetect-1,Conveyor,,,,3/26/2025 2:48:31 PM
31415E6F4BAEA6B4E0655EED8C8868D6,KY1,E0FCA01000,228-101,CarrierDetect-0,Conveyor,,,,3/26/2025 2:48:32 PM
31415E401A8CA6BAE0655EED8C8868D6,KY1,E0FCA01000,228-101,CarrierDetect-1,Conveyor,,,,3/26/2025 2:48:36 PM
31415E6D2E0AA6B6E0655EED8C8868D6,KY1,E0FCA01000,228-101,CarrierDetect-0,Conveyor,,,,3/26/2025 2:48:38 PM
31415E6D2E0BA6B6E0655EED8C8868D6,KY1,E0FCA01000,228-101,CarrierDetect-1,Conveyor,,,,3/26/2025 2:48:39 PM
31415E6D2E0CA6B6E0655EED8C8868D6,KY1,E0FCA01000,228-101,CarrierDetect-0,Conveyor,,,,3/26/2025 2:48:42 PM
31415E6E4B0BA6B8E0655EED8C8868D6,KY1,E0FCA01000,228-101,CarrierDetect-1,Conveyor,,,,3/26/2025 2:48:52 PM
31415E401A8DA6BAE0655EED8C8868D6,KY1,E0FCA01000,228-101,CarrierDetect-0,Conveyor,,,,3/26/2025 2:48:53 PM
31415E401A8EA6BAE0655EED8C8868D6,KY1,E0FCA01000,228-101,CarrierDetect-1,Conveyor,,,,3/26/2025 2:48:53 PM
31415E6F4BAFA6B4E0655EED8C8868D6,KY1,E0FCA01000,228-101,CarrierDetect-0,Conveyor,,,,3/26/2025 2:48:55 PM
31415E6F4BB0A6B4E0655EED8C8868D6,KY1,E0FCA01000,228-101,CarrierDetect-1,Conveyor,,,,3/26/2025 2:49:02 PM
31415E6F4BB8A6B4E0655EED8C8868D6,KY1,E0FCA01000,228-102,ShuttleActive,Transfer,,,,3/26/2025 2:49:29 PM
31415E6F0F92A6B2E0655EED8C8868D6,KY1,E0FCA01000,228-102,CarrierDetect-1,Transfer,,,,3/26/2025 2:49:49 PM
31415E6E4B18A6B8E0655EED8C8868D6,KY1,E0FCA01000,228-101,CarrierDetect-0,Conveyor,,,,3/26/2025 2:49:55 PM
31415E401A9FA6BAE0655EED8C8868D6,KY1,E0FCA01000,228-011,CarrierDetect-1,Conveyor,,,,3/26/2025 2:50:31 PM
31415E401AA0A6BAE0655EED8C8868D6,KY1,E0FCA01000,228-102,CarrierDetect-0,Transfer,,,,3/26/2025 2:50:37 PM
31415E6E4B22A6B8E0655EED8C8868D6,KY1,E0FCA01000,228-102,ShuttleIdle,Transfer,37,IN,01:25,3/26/2025 2:50:54 PM
31415E6F0F9BA6B2E0655EED8C8868D6,KY1,E0FCA01000,228-102,ShuttleActive,Transfer,,,,3/26/2025 2:50:55 PM
31415E6F0FA0A6B2E0655EED8C8868D6,KY1,E0FCA01000,228-102,CarrierDetect-1,Transfer,,,,3/26/2025 2:51:13 PM
31415E6F0FA3A6B2E0655EED8C8868D6,KY1,E0FCA01000,228-011,CarrierDetect-0,Conveyor,,,,3/26/2025 2:51:18 PM
31415E401AB0A6BAE0655EED8C8868D6,KY1,E0FCA01000,228-101,CarrierDetect-1,Conveyor,,,,3/26/2025 2:51:55 PM
31415E6F0FA5A6B2E0655EED8C8868D6,KY1,E0FCA01000,228-102,CarrierDetect-0,Transfer,,,,3/26/2025 2:52:00 PM
31415E6E4B31A6B8E0655EED8C8868D6,KY1,E0FCA01000,228-102,ShuttleIdle,Transfer,38,OUT,01:25,3/26/2025 2:52:20 PM
31415E6F0FA9A6B2E0655EED8C8868D6,KY1,E0FCA01000,228-102,ShuttleActive,Transfer,,,,3/26/2025 2:52:21 PM
31415E6D2E30A6B6E0655EED8C8868D6,KY1,E0FCA01000,228-102,CarrierDetect-1,Transfer,,,,3/26/2025 2:52:41 PM
31415E401AC0A6BAE0655EED8C8868D6,KY1,E0FCA01000,228-101,CarrierDetect-0,Conveyor,,,,3/26/2025 2:52:47 PM
31415E401AC4A6BAE0655EED8C8868D6,KY1,E0FCA01000,228-011,CarrierDetect-1,Conveyor,,,,3/26/2025 2:53:23 PM
31415E6F4BE1A6B4E0655EED8C8868D6,KY1,E0FCA01000,228-102,CarrierDetect-0,Transfer,,,,3/26/2025 2:53:28 PM
31415E6E4B3AA6B8E0655EED8C8868D6,KY1,E0FCA01000,228-102,ShuttleIdle,Transfer,39,IN,01:25,3/26/2025 2:53:46 PM
31415E6F4BE3A6B4E0655EED8C8868D6,KY1,E0FCA01000,228-102,ShuttleActive,Transfer,,,,3/26/2025 2:53:47 PM
31415E6F4BE8A6B4E0655EED8C8868D6,KY1,E0FCA01000,228-102,CarrierDetect-1,Transfer,,,,3/26/2025 2:54:05 PM
31415E6F0FBBA6B2E0655EED8C8868D6,KY1,E0FCA01000,228-011,CarrierDetect-0,Conveyor,,,,3/26/2025 2:54:09 PM
31415E6E4B40A6B8E0655EED8C8868D6,KY1,E0FCA01000,228-101,CarrierDetect-1,Conveyor,,,,3/26/2025 2:54:46 PM
31415E401AD7A6BAE0655EED8C8868D6,KY1,E0FCA01000,228-102,CarrierDetect-0,Transfer,,,,3/26/2025 2:54:52 PM
31415E6E4B46A6B8E0655EED8C8868D6,KY1,E0FCA01000,228-102,ShuttleIdle,Transfer,40,OUT,01:25,3/26/2025 2:55:12 PM
31415E401ADBA6BAE0655EED8C8868D6,KY1,E0FCA01000,228-102,ShuttleActive,Transfer,,,,3/26/2025 2:55:13 PM
31415E6E4B48A6B8E0655EED8C8868D6,KY1,E0FCA01000,228-102,CarrierDetect-1,Transfer,,,,3/26/2025 2:55:33 PM
31415E401AE2A6BAE0655EED8C8868D6,KY1,E0FCA01000,228-101,CarrierDetect-0,Conveyor,,,,3/26/2025 2:55:39 PM
31415E401AEDA6BAE0655EED8C8868D6,KY1,E0FCA01000,228-011,CarrierDetect-1,Conveyor,,,,3/26/2025 2:56:15 PM
31415E6F4BF2A6B4E0655EED8C8868D6,KY1,E0FCA01000,228-102,CarrierDetect-0,Transfer,,,,3/26/2025 2:56:20 PM
31415E6E4B52A6B8E0655EED8C8868D6,KY1,E0FCA01000,228-102,ShuttleIdle,Transfer,41,IN,01:25,3/26/2025 2:56:38 PM
31415E6D2E54A6B6E0655EED8C8868D6,KY1,E0FCA01000,228-102,ShuttleActive,Transfer,,,,3/26/2025 2:56:39 PM
31415E6F0FD6A6B2E0655EED8C8868D6,KY1,E0FCA01000,228-102,CarrierDetect-1,Transfer,,,,3/26/2025 2:56:57 PM
31415E6F0FD7A6B2E0655EED8C8868D6,KY1,E0FCA01000,228-011,CarrierDetect-0,Conveyor,,,,3/26/2025 2:57:02 PM
31415E401AF7A6BAE0655EED8C8868D6,KY1,E0FCA01000,228-101,CarrierDetect-1,Conveyor,,,,3/26/2025 2:57:38 PM
31415E401AF9A6BAE0655EED8C8868D6,KY1,E0FCA01000,228-102,CarrierDetect-0,Transfer,,,,3/26/2025 2:57:44 PM
31415E401AFEA6BAE0655EED8C8868D6,KY1,E0FCA01000,228-102,ShuttleIdle,Transfer,42,OUT,01:25,3/26/2025 2:58:04 PM
31415E6E4B5EA6B8E0655EED8C8868D6,KY1,E0FCA01000,228-102,ShuttleActive,Transfer,,,,3/26/2025 2:58:05 PM
31415E6F0FE1A6B2E0655EED8C8868D6,KY1,E0FCA01000,228-102,CarrierDetect-1,Transfer,,,,3/26/2025 2:58:25 PM
31415E6D2E63A6B6E0655EED8C8868D6,KY1,E0FCA01000,228-101,CarrierDetect-0,Conveyor,,,,3/26/2025 2:58:30 PM
31415E6E4B6CA6B8E0655EED8C8868D6,KY1,E0FCA01000,228-011,CarrierDetect-1,Conveyor,,,,3/26/2025 2:59:07 PM
31415E6D2E65A6B6E0655EED8C8868D6,KY1,E0FCA01000,228-102,CarrierDetect-0,Transfer,,,,3/26/2025 2:59:12 PM
31415E6F4C12A6B4E0655EED8C8868D6,KY1,E0FCA01000,228-102,ShuttleIdle,Transfer,43,IN,01:25,3/26/2025 2:59:30 PM
31415E6E4B75A6B8E0655EED8C8868D6,KY1,E0FCA01000,228-102,ShuttleActive,Transfer,,,,3/26/2025 2:59:31 PM
31415E6E4B7BA6B8E0655EED8C8868D6,KY1,E0FCA01000,228-102,CarrierDetect-1,Transfer,,,,3/26/2025 2:59:49 PM
31415E6F0FEDA6B2E0655EED8C8868D6,KY1,E0FCA01000,228-011,CarrierDetect-0,Conveyor,,,,3/26/2025 2:59:54 PM
31415E6F4C1EA6B4E0655EED8C8868D6,KY1,E0FCA01000,228-102,CarrierDetect-0,Transfer,,,,3/26/2025 3:00:36 PM
31415E401B11A6BAE0655EED8C8868D6,KY1,E0FCA01000,228-102,ShuttleIdle,Transfer,,,,3/26/2025 3:00:56 PM
31415E6F4C24A6B4E0655EED8C8868D6,KY1,E0FCA01000,228-101,CarrierDetect-1,Conveyor,,,,3/27/2025 8:21:10 AM
31415E6E4B8AA6B8E0655EED8C8868D6,KY1,E0FCA01000,228-101,CarrierDetect-0,Conveyor,,,,3/27/2025 8:21:10 AM
31415E6D2E7AA6B6E0655EED8C8868D6,KY1,E0FCA01000,228-101,CarrierDetect-1,Conveyor,,,,3/27/2025 8:21:11 AM
31415E6E4B8BA6B8E0655EED8C8868D6,KY1,E0FCA01000,228-101,CarrierDetect-0,Conveyor,,,,3/27/2025 8:21:15 AM
31415E6D2E7BA6B6E0655EED8C8868D6,KY1,E0FCA01000,228-101,CarrierDetect-1,Conveyor,,,,3/27/2025 8:21:52 AM
31415E6F1004A6B2E0655EED8C8868D6,KY1,E0FCA01000,228-101,CarrierDetect-0,Conveyor,,,,3/27/2025 8:21:52 AM
31415E6F1005A6B2E0655EED8C8868D6,KY1,E0FCA01000,228-101,CarrierDetect-1,Conveyor,,,,3/27/2025 8:21:53 AM
31415E6F1006A6B2E0655EED8C8868D6,KY1,E0FCA01000,228-101,CarrierDetect-1,Conveyor,,,,3/27/2025 8:21:55 AM
31415E6D2E7CA6B6E0655EED8C8868D6,KY1,E0FCA01000,228-101,CarrierDetect-0,Conveyor,,,,3/27/2025 8:21:55 AM
31415E6F1007A6B2E0655EED8C8868D6,KY1,E0FCA01000,228-101,CarrierDetect-0,Conveyor,,,,3/27/2025 8:22:01 AM
31415E6E4B8CA6B8E0655EED8C8868D6,KY1,E0FCA01000,228-101,CarrierDetect-1,Conveyor,,,,3/27/2025 8:22:02 AM
31415E6D2E7DA6B6E0655EED8C8868D6,KY1,E0FCA01000,228-101,CarrierDetect-1,Conveyor,,,,3/27/2025 8:22:03 AM
31415E6F1008A6B2E0655EED8C8868D6,KY1,E0FCA01000,228-101,CarrierDetect-0,Conveyor,,,,3/27/2025 8:22:03 AM
31415E6E4B92A6B8E0655EED8C8868D6,KY1,E0FCA01000,228-102,ShuttleActive,Transfer,,,,3/27/2025 8:23:47 AM
31415E6E4B96A6B8E0655EED8C8868D6,KY1,E0FCA01000,228-102,CarrierDetect-1,Transfer,,,,3/27/2025 8:24:07 AM
31415E6F1011A6B2E0655EED8C8868D6,KY1,E0FCA01000,228-101,CarrierDetect-0,Conveyor,,,,3/27/2025 8:24:11 AM
31415E6E4BA1A6B8E0655EED8C8868D6,KY1,E0FCA01000,228-011,CarrierDetect-1,Conveyor,,,,3/27/2025 8:24:50 AM
31415E6F1014A6B2E0655EED8C8868D6,KY1,E0FCA01000,228-102,CarrierDetect-0,Transfer,,,,3/27/2025 8:24:54 AM
31415E6F4C2DA6B4E0655EED8C8868D6,KY1,E0FCA01000,228-102,ShuttleIdle,Transfer,44,IN,01:25,3/27/2025 8:25:12 AM
31415E6E4BA5A6B8E0655EED8C8868D6,KY1,E0FCA01000,228-102,ShuttleActive,Transfer,,,,3/27/2025 8:25:13 AM
31415E6F4C30A6B4E0655EED8C8868D6,KY1,E0FCA01000,228-102,CarrierDetect-1,Transfer,,,,3/27/2025 8:25:31 AM
31415E401B34A6BAE0655EED8C8868D6,KY1,E0FCA01000,228-011,CarrierDetect-0,Conveyor,,,,3/27/2025 8:25:36 AM
31415E6F4C32A6B4E0655EED8C8868D6,KY1,E0FCA01000,228-101,CarrierDetect-1,Conveyor,,,,3/27/2025 8:26:16 AM
31415E6F4C34A6B4E0655EED8C8868D6,KY1,E0FCA01000,228-102,CarrierDetect-0,Transfer,,,,3/27/2025 8:26:18 AM
31415E6F4C39A6B4E0655EED8C8868D6,KY1,E0FCA01000,228-102,ShuttleIdle,Transfer,45,OUT,01:25,3/27/2025 8:26:38 AM
31415E401B3CA6BAE0655EED8C8868D6,KY1,E0FCA01000,228-102,ShuttleActive,Transfer,,,,3/27/2025 8:26:39 AM
31415E6D2E9DA6B6E0655EED8C8868D6,KY1,E0FCA01000,228-102,CarrierDetect-1,Transfer,,,,3/27/2025 8:26:59 AM
31415E401B42A6BAE0655EED8C8868D6,KY1,E0FCA01000,228-101,CarrierDetect-0,Conveyor,,,,3/27/2025 8:27:03 AM
31415E6F1029A6B2E0655EED8C8868D6,KY1,E0FCA01000,228-011,CarrierDetect-1,Conveyor,,,,3/27/2025 8:27:41 AM
31415E401B49A6BAE0655EED8C8868D6,KY1,E0FCA01000,228-102,CarrierDetect-0,Transfer,,,,3/27/2025 8:27:46 AM
31415E6D2EABA6B6E0655EED8C8868D6,KY1,E0FCA01000,228-102,ShuttleActive,Transfer,,,,3/27/2025 8:28:05 AM
31415E6F1030A6B2E0655EED8C8868D6,KY1,E0FCA01000,228-102,ShuttleIdle,Transfer,,,,3/27/2025 8:28:05 AM
31415E6F4C43A6B4E0655EED8C8868D6,KY1,E0FCA01000,228-102,CarrierDetect-1,Transfer,,,,3/27/2025 8:28:23 AM
31415E6F4C45A6B4E0655EED8C8868D6,KY1,E0FCA01000,228-011,CarrierDetect-0,Conveyor,,,,3/27/2025 8:28:28 AM
31415E6D2EBAA6B6E0655EED8C8868D6,KY1,E0FCA01000,228-101,CarrierDetect-1,Conveyor,,,,3/27/2025 8:29:07 AM
31415E6F1036A6B2E0655EED8C8868D6,KY1,E0FCA01000,228-102,CarrierDetect-0,Transfer,,,,3/27/2025 8:29:10 AM
31415E401B60A6BAE0655EED8C8868D6,KY1,E0FCA01000,228-102,ShuttleIdle,Transfer,,,,3/27/2025 8:29:30 AM
31415E6F4C4EA6B4E0655EED8C8868D6,KY1,E0FCA01000,228-102,ShuttleActive,Transfer,,,,3/27/2025 8:29:31 AM
31415E401B66A6BAE0655EED8C8868D6,KY1,E0FCA01000,228-102,CarrierDetect-1,Transfer,,,,3/27/2025 8:29:52 AM
31415E401B68A6BAE0655EED8C8868D6,KY1,E0FCA01000,228-101,CarrierDetect-0,Conveyor,,,,3/27/2025 8:29:55 AM
31415E401B6AA6BAE0655EED8C8868D6,KY1,E0FCA01000,228-011,CarrierDetect-1,Conveyor,,,,3/27/2025 8:30:33 AM
31415E6E4BDCA6B8E0655EED8C8868D6,KY1,E0FCA01000,228-102,CarrierDetect-0,Transfer,,,,3/27/2025 8:30:39 AM
31415E6F4C59A6B4E0655EED8C8868D6,KY1,E0FCA01000,228-102,ShuttleIdle,Transfer,46,IN,01:25,3/27/2025 8:30:56 AM
31415E6F1049A6B2E0655EED8C8868D6,KY1,E0FCA01000,228-102,ShuttleActive,Transfer,,,,3/27/2025 8:30:57 AM
31415E6D2ECAA6B6E0655EED8C8868D6,KY1,E0FCA01000,228-102,CarrierDetect-1,Transfer,,,,3/27/2025 8:31:15 AM
31415E6E4BE2A6B8E0655EED8C8868D6,KY1,E0FCA01000,228-011,CarrierDetect-0,Conveyor,,,,3/27/2025 8:31:20 AM
31415E6E4BECA6B8E0655EED8C8868D6,KY1,E0FCA01000,228-101,CarrierDetect-1,Conveyor,,,,3/27/2025 8:32:00 AM
31415E6F104CA6B2E0655EED8C8868D6,KY1,E0FCA01000,228-102,CarrierDetect-0,Transfer,,,,3/27/2025 8:32:02 AM
31415E401B7FA6BAE0655EED8C8868D6,KY1,E0FCA01000,228-102,ShuttleIdle,Transfer,47,OUT,01:25,3/27/2025 8:32:22 AM
31415E6E4BF0A6B8E0655EED8C8868D6,KY1,E0FCA01000,228-102,ShuttleActive,Transfer,,,,3/27/2025 8:32:23 AM
31415E6F4C6DA6B4E0655EED8C8868D6,KY1,E0FCA01000,228-102,CarrierDetect-1,Transfer,,,,3/27/2025 8:32:43 AM
31415E6F4C70A6B4E0655EED8C8868D6,KY1,E0FCA01000,228-101,CarrierDetect-0,Conveyor,,,,3/27/2025 8:32:47 AM
31415E401B85A6BAE0655EED8C8868D6,KY1,E0FCA01000,228-011,CarrierDetect-1,Conveyor,,,,3/27/2025 8:33:25 AM
31415E6E4BFAA6B8E0655EED8C8868D6,KY1,E0FCA01000,228-102,CarrierDetect-0,Transfer,,,,3/27/2025 8:33:30 AM
31415E6F4C7DA6B4E0655EED8C8868D6,KY1,E0FCA01000,228-102,ShuttleIdle,Transfer,48,IN,01:25,3/27/2025 8:33:48 AM
31415E6D2EDDA6B6E0655EED8C8868D6,KY1,E0FCA01000,228-102,ShuttleActive,Transfer,,,,3/27/2025 8:33:49 AM
31415E401B8DA6BAE0655EED8C8868D6,KY1,E0FCA01000,228-102,CarrierDetect-1,Transfer,,,,3/27/2025 8:34:07 AM
31415E6D2EE3A6B6E0655EED8C8868D6,KY1,E0FCA01000,228-011,CarrierDetect-0,Conveyor,,,,3/27/2025 8:34:12 AM
31415E401B96A6BAE0655EED8C8868D6,KY1,E0FCA01000,228-101,CarrierDetect-1,Conveyor,,,,3/27/2025 8:34:52 AM
31415E6F1064A6B2E0655EED8C8868D6,KY1,E0FCA01000,228-102,CarrierDetect-0,Transfer,,,,3/27/2025 8:34:54 AM
31415E6F1069A6B2E0655EED8C8868D6,KY1,E0FCA01000,228-102,ShuttleIdle,Transfer,49,OUT,01:25,3/27/2025 8:35:14 AM
31415E6F106AA6B2E0655EED8C8868D6,KY1,E0FCA01000,228-102,ShuttleActive,Transfer,,,,3/27/2025 8:35:15 AM
31415E6F106CA6B2E0655EED8C8868D6,KY1,E0FCA01000,228-102,CarrierDetect-1,Transfer,,,,3/27/2025 8:35:36 AM
31415E6F106EA6B2E0655EED8C8868D6,KY1,E0FCA01000,228-101,CarrierDetect-0,Conveyor,,,,3/27/2025 8:35:39 AM
31415E6E4C19A6B8E0655EED8C8868D6,KY1,E0FCA01000,228-011,CarrierDetect-1,Conveyor,,,,3/27/2025 8:36:17 AM
31415E6F4C90A6B4E0655EED8C8868D6,KY1,E0FCA01000,228-102,CarrierDetect-0,Transfer,,,,3/27/2025 8:36:22 AM
31415E401BA3A6BAE0655EED8C8868D6,KY1,E0FCA01000,228-102,ShuttleIdle,Transfer,50,IN,01:25,3/27/2025 8:36:40 AM
31415E401BA4A6BAE0655EED8C8868D6,KY1,E0FCA01000,228-102,ShuttleActive,Transfer,,,,3/27/2025 8:36:41 AM
31415E6F107DA6B2E0655EED8C8868D6,KY1,E0FCA01000,228-102,CarrierDetect-1,Transfer,,,,3/27/2025 8:36:59 AM
31415E6F107EA6B2E0655EED8C8868D6,KY1,E0FCA01000,228-011,CarrierDetect-0,Conveyor,,,,3/27/2025 8:37:04 AM
31415E6F1085A6B2E0655EED8C8868D6,KY1,E0FCA01000,228-101,CarrierDetect-1,Conveyor,,,,3/27/2025 8:37:44 AM
31415E6E4C20A6B8E0655EED8C8868D6,KY1,E0FCA01000,228-102,CarrierDetect-0,Transfer,,,,3/27/2025 8:37:47 AM
31415E401BB5A6BAE0655EED8C8868D6,KY1,E0FCA01000,228-102,ShuttleIdle,Transfer,51,OUT,01:25,3/27/2025 8:38:06 AM
31415E6F4CA1A6B4E0655EED8C8868D6,KY1,E0FCA01000,228-102,ShuttleActive,Transfer,,,,3/27/2025 8:38:08 AM
31415E6E4C28A6B8E0655EED8C8868D6,KY1,E0FCA01000,228-102,CarrierDetect-1,Transfer,,,,3/27/2025 8:38:27 AM
31415E6F4CA7A6B4E0655EED8C8868D6,KY1,E0FCA01000,228-101,CarrierDetect-0,Conveyor,,,,3/27/2025 8:38:31 AM
31415E6F108FA6B2E0655EED8C8868D6,KY1,E0FCA01000,228-011,CarrierDetect-1,Conveyor,,,,3/27/2025 8:39:09 AM
31415E401BC4A6BAE0655EED8C8868D6,KY1,E0FCA01000,228-102,CarrierDetect-0,Transfer,,,,3/27/2025 8:39:14 AM
31415E6D2F10A6B6E0655EED8C8868D6,KY1,E0FCA01000,228-102,ShuttleIdle,Transfer,52,IN,01:24,3/27/2025 8:39:32 AM
31415E401BC6A6BAE0655EED8C8868D6,KY1,E0FCA01000,228-102,ShuttleActive,Transfer,,,,3/27/2025 8:39:33 AM
31415E6F4CB2A6B4E0655EED8C8868D6,KY1,E0FCA01000,228-102,CarrierDetect-1,Transfer,,,,3/27/2025 8:39:51 AM
31415E401BC7A6BAE0655EED8C8868D6,KY1,E0FCA01000,228-011,CarrierDetect-0,Conveyor,,,,3/27/2025 8:39:56 AM
31415E6D2F1BA6B6E0655EED8C8868D6,KY1,E0FCA01000,228-101,CarrierDetect-1,Conveyor,,,,3/27/2025 8:40:36 AM
31415E6F1095A6B2E0655EED8C8868D6,KY1,E0FCA01000,228-102,CarrierDetect-0,Transfer,,,,3/27/2025 8:40:38 AM
31415E401BD2A6BAE0655EED8C8868D6,KY1,E0FCA01000,228-102,ShuttleIdle,Transfer,53,OUT,01:26,3/27/2025 8:40:59 AM
31415E6F4CC2A6B4E0655EED8C8868D6,KY1,E0FCA01000,228-102,ShuttleActive,Transfer,,,,3/27/2025 8:40:59 AM
31415E6F109FA6B2E0655EED8C8868D6,KY1,E0FCA01000,228-102,CarrierDetect-1,Transfer,,,,3/27/2025 8:41:19 AM
31415E6F4CC9A6B4E0655EED8C8868D6,KY1,E0FCA01000,228-101,CarrierDetect-0,Conveyor,,,,3/27/2025 8:41:23 AM
31415E6F4CCDA6B4E0655EED8C8868D6,KY1,E0FCA01000,228-011,CarrierDetect-1,Conveyor,,,,3/27/2025 8:42:01 AM
31415E401BDAA6BAE0655EED8C8868D6,KY1,E0FCA01000,228-102,CarrierDetect-0,Transfer,,,,3/27/2025 8:42:06 AM
31415E6D2F29A6B6E0655EED8C8868D6,KY1,E0FCA01000,228-102,ShuttleIdle,Transfer,54,IN,01:26,3/27/2025 8:42:25 AM
31415E6F10A9A6B2E0655EED8C8868D6,KY1,E0FCA01000,228-102,ShuttleActive,Transfer,,,,3/27/2025 8:42:26 AM
31415E6F10AAA6B2E0655EED8C8868D6,KY1,E0FCA01000,228-102,CarrierDetect-1,Transfer,,,,3/27/2025 8:42:43 AM
31415E401BE4A6BAE0655EED8C8868D6,KY1,E0FCA01000,228-011,CarrierDetect-0,Conveyor,,,,3/27/2025 8:42:48 AM
31415E6D2F35A6B6E0655EED8C8868D6,KY1,E0FCA01000,228-101,CarrierDetect-1,Conveyor,,,,3/27/2025 8:43:28 AM
31415E6F10B3A6B2E0655EED8C8868D6,KY1,E0FCA01000,228-102,CarrierDetect-0,Transfer,,,,3/27/2025 8:43:30 AM
31415E6F4CDCA6B4E0655EED8C8868D6,KY1,E0FCA01000,228-102,ShuttleIdle,Transfer,55,OUT,01:24,3/27/2025 8:43:50 AM
31415E6E4C58A6B8E0655EED8C8868D6,KY1,E0FCA01000,228-102,ShuttleActive,Transfer,,,,3/27/2025 8:43:52 AM
31415E401BF0A6BAE0655EED8C8868D6,KY1,E0FCA01000,228-102,CarrierDetect-1,Transfer,,,,3/27/2025 8:44:11 AM
31415E6F10BCA6B2E0655EED8C8868D6,KY1,E0FCA01000,228-101,CarrierDetect-0,Conveyor,,,,3/27/2025 8:44:16 AM
31415E6F4CE6A6B4E0655EED8C8868D6,KY1,E0FCA01000,228-011,CarrierDetect-1,Conveyor,,,,3/27/2025 8:44:53 AM
31415E6F10C1A6B2E0655EED8C8868D6,KY1,E0FCA01000,228-102,CarrierDetect-0,Transfer,,,,3/27/2025 8:44:58 AM
31415E6D2F44A6B6E0655EED8C8868D6,KY1,E0FCA01000,228-102,ShuttleIdle,Transfer,56,IN,01:25,3/27/2025 8:45:17 AM
31415E6D2F45A6B6E0655EED8C8868D6,KY1,E0FCA01000,228-102,ShuttleActive,Transfer,,,,3/27/2025 8:45:17 AM
31415E6D2F49A6B6E0655EED8C8868D6,KY1,E0FCA01000,228-102,CarrierDetect-1,Transfer,,,,3/27/2025 8:45:35 AM
31415E401BFDA6BAE0655EED8C8868D6,KY1,E0FCA01000,228-011,CarrierDetect-0,Conveyor,,,,3/27/2025 8:45:40 AM
31415E401C04A6BAE0655EED8C8868D6,KY1,E0FCA01000,228-101,CarrierDetect-1,Conveyor,,,,3/27/2025 8:46:19 AM
31415E401C06A6BAE0655EED8C8868D6,KY1,E0FCA01000,228-102,CarrierDetect-0,Transfer,,,,3/27/2025 8:46:23 AM
31415E6D2F4FA6B6E0655EED8C8868D6,KY1,E0FCA01000,228-102,ShuttleIdle,Transfer,57,OUT,01:25,3/27/2025 8:46:42 AM
31415E6E4C71A6B8E0655EED8C8868D6,KY1,E0FCA01000,228-102,ShuttleActive,Transfer,,,,3/27/2025 8:46:44 AM
31415E6E4C73A6B8E0655EED8C8868D6,KY1,E0FCA01000,228-102,CarrierDetect-1,Transfer,,,,3/27/2025 8:47:03 AM
31415E6D2F57A6B6E0655EED8C8868D6,KY1,E0FCA01000,228-101,CarrierDetect-0,Conveyor,,,,3/27/2025 8:47:07 AM
31415E6F4D00A6B4E0655EED8C8868D6,KY1,E0FCA01000,228-011,CarrierDetect-1,Conveyor,,,,3/27/2025 8:47:45 AM
31415E6F4D03A6B4E0655EED8C8868D6,KY1,E0FCA01000,228-102,CarrierDetect-0,Transfer,,,,3/27/2025 8:47:50 AM
31415E6D2F5FA6B6E0655EED8C8868D6,KY1,E0FCA01000,228-102,ShuttleIdle,Transfer,58,IN,01:24,3/27/2025 8:48:08 AM
31415E6F4D09A6B4E0655EED8C8868D6,KY1,E0FCA01000,228-102,ShuttleActive,Transfer,,,,3/27/2025 8:48:09 AM
31415E6F10E6A6B2E0655EED8C8868D6,KY1,E0FCA01000,228-102,CarrierDetect-1,Transfer,,,,3/27/2025 8:48:27 AM
31415E6F10E9A6B2E0655EED8C8868D6,KY1,E0FCA01000,228-011,CarrierDetect-0,Conveyor,,,,3/27/2025 8:48:32 AM
31415E6F10F0A6B2E0655EED8C8868D6,KY1,E0FCA01000,228-101,CarrierDetect-1,Conveyor,,,,3/27/2025 8:49:11 AM
31415E6F4D16A6B4E0655EED8C8868D6,KY1,E0FCA01000,228-102,CarrierDetect-0,Transfer,,,,3/27/2025 8:49:15 AM
31415E6E4C87A6B8E0655EED8C8868D6,KY1,E0FCA01000,228-102,ShuttleIdle,Transfer,59,OUT,01:26,3/27/2025 8:49:35 AM
31415E6D2F6EA6B6E0655EED8C8868D6,KY1,E0FCA01000,228-102,ShuttleActive,Transfer,,,,3/27/2025 8:49:35 AM
31415E6D2F74A6B6E0655EED8C8868D6,KY1,E0FCA01000,228-102,CarrierDetect-1,Transfer,,,,3/27/2025 8:49:56 AM
31415E6D2F76A6B6E0655EED8C8868D6,KY1,E0FCA01000,228-101,CarrierDetect-0,Conveyor,,,,3/27/2025 8:49:59 AM
31415E6E4C94A6B8E0655EED8C8868D6,KY1,E0FCA01000,228-011,CarrierDetect-1,Conveyor,,,,3/27/2025 8:50:37 AM
31415E6F10FBA6B2E0655EED8C8868D6,KY1,E0FCA01000,228-102,CarrierDetect-0,Transfer,,,,3/27/2025 8:50:42 AM
31415E6D2F7BA6B6E0655EED8C8868D6,KY1,E0FCA01000,228-102,ShuttleIdle,Transfer,60,IN,01:25,3/27/2025 8:51:00 AM
31415E401C30A6BAE0655EED8C8868D6,KY1,E0FCA01000,228-102,ShuttleActive,Transfer,,,,3/27/2025 8:51:02 AM
31415E401C33A6BAE0655EED8C8868D6,KY1,E0FCA01000,228-102,CarrierDetect-1,Transfer,,,,3/27/2025 8:51:19 AM
31415E6F1107A6B2E0655EED8C8868D6,KY1,E0FCA01000,228-011,CarrierDetect-0,Conveyor,,,,3/27/2025 8:51:24 AM
31415E6F4D2BA6B4E0655EED8C8868D6,KY1,E0FCA01000,228-101,CarrierDetect-1,Conveyor,,,,3/27/2025 8:52:04 AM
31415E6F110DA6B2E0655EED8C8868D6,KY1,E0FCA01000,228-102,CarrierDetect-0,Transfer,,,,3/27/2025 8:52:06 AM
31415E401C38A6BAE0655EED8C8868D6,KY1,E0FCA01000,228-102,ShuttleIdle,Transfer,61,OUT,01:25,3/27/2025 8:52:27 AM
31415E6F1115A6B2E0655EED8C8868D6,KY1,E0FCA01000,228-102,ShuttleActive,Transfer,,,,3/27/2025 8:52:27 AM
31415E401C3EA6BAE0655EED8C8868D6,KY1,E0FCA01000,228-102,CarrierDetect-1,Transfer,,,,3/27/2025 8:52:47 AM
31415E6E4CA6A6B8E0655EED8C8868D6,KY1,E0FCA01000,228-101,CarrierDetect-0,Conveyor,,,,3/27/2025 8:52:51 AM
31415E6E4CB1A6B8E0655EED8C8868D6,KY1,E0FCA01000,228-011,CarrierDetect-1,Conveyor,,,,3/27/2025 8:53:29 AM
31415E6E4CB2A6B8E0655EED8C8868D6,KY1,E0FCA01000,228-102,CarrierDetect-0,Transfer,,,,3/27/2025 8:53:34 AM
31415E401C49A6BAE0655EED8C8868D6,KY1,E0FCA01000,228-102,ShuttleIdle,Transfer,62,IN,01:25,3/27/2025 8:53:52 AM
31415E6E4CB3A6B8E0655EED8C8868D6,KY1,E0FCA01000,228-102,ShuttleActive,Transfer,,,,3/27/2025 8:53:53 AM
31415E6E4CB5A6B8E0655EED8C8868D6,KY1,E0FCA01000,228-102,CarrierDetect-1,Transfer,,,,3/27/2025 8:54:12 AM
31415E6E4CB7A6B8E0655EED8C8868D6,KY1,E0FCA01000,228-011,CarrierDetect-0,Conveyor,,,,3/27/2025 8:54:16 AM
31415E6F4D49A6B4E0655EED8C8868D6,KY1,E0FCA01000,228-101,CarrierDetect-1,Conveyor,,,,3/27/2025 8:54:55 AM
31415E6F112AA6B2E0655EED8C8868D6,KY1,E0FCA01000,228-102,CarrierDetect-0,Transfer,,,,3/27/2025 8:54:59 AM
31415E401C52A6BAE0655EED8C8868D6,KY1,E0FCA01000,228-102,ShuttleIdle,Transfer,63,OUT,01:25,3/27/2025 8:55:18 AM
31415E6F112FA6B2E0655EED8C8868D6,KY1,E0FCA01000,228-102,ShuttleActive,Transfer,,,,3/27/2025 8:55:20 AM
31415E401C57A6BAE0655EED8C8868D6,KY1,E0FCA01000,228-102,CarrierDetect-1,Transfer,,,,3/27/2025 8:55:40 AM
31415E6F1132A6B2E0655EED8C8868D6,KY1,E0FCA01000,228-101,CarrierDetect-0,Conveyor,,,,3/27/2025 8:55:43 AM
31415E6F113EA6B2E0655EED8C8868D6,KY1,E0FCA01000,228-011,CarrierDetect-1,Conveyor,,,,3/27/2025 8:56:21 AM
31415E6D2FA9A6B6E0655EED8C8868D6,KY1,E0FCA01000,228-102,CarrierDetect-0,Transfer,,,,3/27/2025 8:56:26 AM
31415E401C5FA6BAE0655EED8C8868D6,KY1,E0FCA01000,228-102,ShuttleIdle,Transfer,64,IN,01:24,3/27/2025 8:56:44 AM
31415E6D2FAEA6B6E0655EED8C8868D6,KY1,E0FCA01000,228-102,ShuttleActive,Transfer,,,,3/27/2025 8:56:45 AM
31415E6E4CCBA6B8E0655EED8C8868D6,KY1,E0FCA01000,228-102,CarrierDetect-1,Transfer,,,,3/27/2025 8:57:03 AM
31415E6F1146A6B2E0655EED8C8868D6,KY1,E0FCA01000,228-011,CarrierDetect-0,Conveyor,,,,3/27/2025 8:57:08 AM
31415E6F1152A6B2E0655EED8C8868D6,KY1,E0FCA01000,228-101,CarrierDetect-1,Conveyor,,,,3/27/2025 8:57:48 AM
31415E6D2FB9A6B6E0655EED8C8868D6,KY1,E0FCA01000,228-102,CarrierDetect-0,Transfer,,,,3/27/2025 8:57:50 AM
31415E6D2FBEA6B6E0655EED8C8868D6,KY1,E0FCA01000,228-102,ShuttleIdle,Transfer,65,OUT,01:25,3/27/2025 8:58:10 AM
31415E6F1155A6B2E0655EED8C8868D6,KY1,E0FCA01000,228-102,ShuttleActive,Transfer,,,,3/27/2025 8:58:11 AM
31415E6F1158A6B2E0655EED8C8868D6,KY1,E0FCA01000,228-102,CarrierDetect-1,Transfer,,,,3/27/2025 8:58:32 AM
31415E6F115AA6B2E0655EED8C8868D6,KY1,E0FCA01000,228-101,CarrierDetect-0,Conveyor,,,,3/27/2025 8:58:36 AM
31415E6D2FC7A6B6E0655EED8C8868D6,KY1,E0FCA01000,228-011,CarrierDetect-1,Conveyor,,,,3/27/2025 8:59:13 AM
31415E6D2FCAA6B6E0655EED8C8868D6,KY1,E0FCA01000,228-102,CarrierDetect-0,Transfer,,,,3/27/2025 8:59:18 AM
31415E401C70A6BAE0655EED8C8868D6,KY1,E0FCA01000,228-102,ShuttleIdle,Transfer,66,IN,01:25,3/27/2025 8:59:36 AM
31415E401C71A6BAE0655EED8C8868D6,KY1,E0FCA01000,228-102,ShuttleActive,Transfer,,,,3/27/2025 8:59:38 AM
31415E6F1171A6B2E0655EED8C8868D6,KY1,E0FCA01000,228-102,CarrierDetect-1,Transfer,,,,3/27/2025 8:59:55 AM
31415E6F1172A6B2E0655EED8C8868D6,KY1,E0FCA01000,228-011,CarrierDetect-0,Conveyor,,,,3/27/2025 9:00:00 AM
31415E401C77A6BAE0655EED8C8868D6,KY1,E0FCA01000,228-101,CarrierDetect-1,Conveyor,,,,3/27/2025 9:00:40 AM
31415E6F117AA6B2E0655EED8C8868D6,KY1,E0FCA01000,228-102,CarrierDetect-0,Transfer,,,,3/27/2025 9:00:42 AM
31415E6D2FDAA6B6E0655EED8C8868D6,KY1,E0FCA01000,228-102,ShuttleIdle,Transfer,67,OUT,01:24,3/27/2025 9:01:02 AM
31415E6F4D7DA6B4E0655EED8C8868D6,KY1,E0FCA01000,228-102,ShuttleActive,Transfer,,,,3/27/2025 9:01:03 AM
31415E6D2FDFA6B6E0655EED8C8868D6,KY1,E0FCA01000,228-102,CarrierDetect-1,Transfer,,,,3/27/2025 9:01:23 AM
31415E6F117EA6B2E0655EED8C8868D6,KY1,E0FCA01000,228-101,CarrierDetect-0,Conveyor,,,,3/27/2025 9:01:27 AM
31415E6D2FE4A6B6E0655EED8C8868D6,KY1,E0FCA01000,228-011,CarrierDetect-1,Conveyor,,,,3/27/2025 9:02:05 AM
31415E6E4CFDA6B8E0655EED8C8868D6,KY1,E0FCA01000,228-102,CarrierDetect-0,Transfer,,,,3/27/2025 9:02:10 AM
31415E6D2FE8A6B6E0655EED8C8868D6,KY1,E0FCA01000,228-102,ShuttleIdle,Transfer,68,IN,01:25,3/27/2025 9:02:28 AM
31415E6E4D01A6B8E0655EED8C8868D6,KY1,E0FCA01000,228-102,ShuttleActive,Transfer,,,,3/27/2025 9:02:29 AM
31415E6F4D83A6B4E0655EED8C8868D6,KY1,E0FCA01000,228-102,CarrierDetect-1,Transfer,,,,3/27/2025 9:02:47 AM
31415E401C8BA6BAE0655EED8C8868D6,KY1,E0FCA01000,228-011,CarrierDetect-0,Conveyor,,,,3/27/2025 9:02:52 AM
31415E6F1198A6B2E0655EED8C8868D6,KY1,E0FCA01000,228-101,CarrierDetect-1,Conveyor,,,,3/27/2025 9:03:31 AM
31415E6E4D06A6B8E0655EED8C8868D6,KY1,E0FCA01000,228-102,CarrierDetect-0,Transfer,,,,3/27/2025 9:03:34 AM
31415E6F4D89A6B4E0655EED8C8868D6,KY1,E0FCA01000,228-102,ShuttleIdle,Transfer,69,OUT,01:26,3/27/2025 9:03:55 AM
31415E6E4D0CA6B8E0655EED8C8868D6,KY1,E0FCA01000,228-102,ShuttleActive,Transfer,,,,3/27/2025 9:03:55 AM
31415E6F4D8FA6B4E0655EED8C8868D6,KY1,E0FCA01000,228-102,CarrierDetect-1,Transfer,,,,3/27/2025 9:04:16 AM
31415E401C99A6BAE0655EED8C8868D6,KY1,E0FCA01000,228-101,CarrierDetect-0,Conveyor,,,,3/27/2025 9:04:19 AM
31415E6E4D18A6B8E0655EED8C8868D6,KY1,E0FCA01000,228-011,CarrierDetect-1,Conveyor,,,,3/27/2025 9:04:58 AM
31415E6F4D94A6B4E0655EED8C8868D6,KY1,E0FCA01000,228-102,CarrierDetect-0,Transfer,,,,3/27/2025 9:05:02 AM
31415E6E4D1AA6B8E0655EED8C8868D6,KY1,E0FCA01000,228-102,ShuttleIdle,Transfer,70,IN,01:25,3/27/2025 9:05:20 AM
31415E401CA0A6BAE0655EED8C8868D6,KY1,E0FCA01000,228-102,ShuttleActive,Transfer,,,,3/27/2025 9:05:21 AM
31415E6F11ABA6B2E0655EED8C8868D6,KY1,E0FCA01000,228-102,CarrierDetect-1,Transfer,,,,3/27/2025 9:05:39 AM
31415E6F11ACA6B2E0655EED8C8868D6,KY1,E0FCA01000,228-011,CarrierDetect-0,Conveyor,,,,3/27/2025 9:05:44 AM
31415E6F4DA5A6B4E0655EED8C8868D6,KY1,E0FCA01000,228-101,CarrierDetect-1,Conveyor,,,,3/27/2025 9:06:24 AM
31415E6F4DA6A6B4E0655EED8C8868D6,KY1,E0FCA01000,228-102,CarrierDetect-0,Transfer,,,,3/27/2025 9:06:26 AM
31415E6F4DAAA6B4E0655EED8C8868D6,KY1,E0FCA01000,228-102,ShuttleIdle,Transfer,71,OUT,01:25,3/27/2025 9:06:46 AM
31415E6E4D26A6B8E0655EED8C8868D6,KY1,E0FCA01000,228-102,ShuttleActive,Transfer,,,,3/27/2025 9:06:48 AM
31415E6F11BCA6B2E0655EED8C8868D6,KY1,E0FCA01000,228-102,CarrierDetect-1,Transfer,,,,3/27/2025 9:07:08 AM
31415E6F4DB0A6B4E0655EED8C8868D6,KY1,E0FCA01000,228-101,CarrierDetect-0,Conveyor,,,,3/27/2025 9:07:11 AM
31415E6D301DA6B6E0655EED8C8868D6,KY1,E0FCA01000,228-011,CarrierDetect-1,Conveyor,,,,3/27/2025 9:07:49 AM
31415E6F4DB7A6B4E0655EED8C8868D6,KY1,E0FCA01000,228-102,CarrierDetect-0,Transfer,,,,3/27/2025 9:07:54 AM
31415E401CB9A6BAE0655EED8C8868D6,KY1,E0FCA01000,228-102,ShuttleIdle,Transfer,72,IN,01:25,3/27/2025 9:08:13 AM
31415E6F11C3A6B2E0655EED8C8868D6,KY1,E0FCA01000,228-102,ShuttleActive,Transfer,,,,3/27/2025 9:08:13 AM
31415E6F4DBEA6B4E0655EED8C8868D6,KY1,E0FCA01000,228-102,CarrierDetect-1,Transfer,,,,3/27/2025 9:08:32 AM
31415E6D3025A6B6E0655EED8C8868D6,KY1,E0FCA01000,228-011,CarrierDetect-0,Conveyor,,,,3/27/2025 9:08:36 AM
31415E6E4D39A6B8E0655EED8C8868D6,KY1,E0FCA01000,228-101,CarrierDetect-1,Conveyor,,,,3/27/2025 9:09:15 AM
31415E401CC7A6BAE0655EED8C8868D6,KY1,E0FCA01000,228-102,CarrierDetect-0,Transfer,,,,3/27/2025 9:09:19 AM
31415E6D302BA6B6E0655EED8C8868D6,KY1,E0FCA01000,228-102,ShuttleIdle,Transfer,73,OUT,01:25,3/27/2025 9:09:38 AM
31415E401CCAA6BAE0655EED8C8868D6,KY1,E0FCA01000,228-102,ShuttleActive,Transfer,,,,3/27/2025 9:09:39 AM
31415E6F4DCDA6B4E0655EED8C8868D6,KY1,E0FCA01000,228-102,CarrierDetect-1,Transfer,,,,3/27/2025 9:09:59 AM
31415E6E4D44A6B8E0655EED8C8868D6,KY1,E0FCA01000,228-101,CarrierDetect-0,Conveyor,,,,3/27/2025 9:10:03 AM
31415E6F11DFA6B2E0655EED8C8868D6,KY1,E0FCA01000,228-011,CarrierDetect-1,Conveyor,,,,3/27/2025 9:10:41 AM
31415E6D3033A6B6E0655EED8C8868D6,KY1,E0FCA01000,228-102,CarrierDetect-0,Transfer,,,,3/27/2025 9:10:46 AM
31415E6F11E3A6B2E0655EED8C8868D6,KY1,E0FCA01000,228-102,ShuttleIdle,Transfer,74,IN,01:25,3/27/2025 9:11:04 AM
31415E401CD8A6BAE0655EED8C8868D6,KY1,E0FCA01000,228-102,ShuttleActive,Transfer,,,,3/27/2025 9:11:05 AM
31415E6F4DD3A6B4E0655EED8C8868D6,KY1,E0FCA01000,228-102,CarrierDetect-1,Transfer,,,,3/27/2025 9:11:23 AM
31415E6D3039A6B6E0655EED8C8868D6,KY1,E0FCA01000,228-011,CarrierDetect-0,Conveyor,,,,3/27/2025 9:11:28 AM
31415E6F11EAA6B2E0655EED8C8868D6,KY1,E0FCA01000,228-101,CarrierDetect-1,Conveyor,,,,3/27/2025 9:12:07 AM
31415E6F11EBA6B2E0655EED8C8868D6,KY1,E0FCA01000,228-102,CarrierDetect-0,Transfer,,,,3/27/2025 9:12:11 AM
31415E6E4D5DA6B8E0655EED8C8868D6,KY1,E0FCA01000,228-102,ShuttleIdle,Transfer,75,OUT,01:25,3/27/2025 9:12:30 AM
31415E6F11F2A6B2E0655EED8C8868D6,KY1,E0FCA01000,228-102,ShuttleActive,Transfer,,,,3/27/2025 9:12:31 AM
31415E6F11F6A6B2E0655EED8C8868D6,KY1,E0FCA01000,228-102,CarrierDetect-1,Transfer,,,,3/27/2025 9:12:52 AM
31415E6E4D67A6B8E0655EED8C8868D6,KY1,E0FCA01000,228-101,CarrierDetect-0,Conveyor,,,,3/27/2025 9:12:55 AM
31415E401CEFA6BAE0655EED8C8868D6,KY1,E0FCA01000,228-011,CarrierDetect-1,Conveyor,,,,3/27/2025 9:13:33 AM
31415E401CF1A6BAE0655EED8C8868D6,KY1,E0FCA01000,228-102,CarrierDetect-0,Transfer,,,,3/27/2025 9:13:39 AM
31415E6D304DA6B6E0655EED8C8868D6,KY1,E0FCA01000,228-102,ShuttleIdle,Transfer,76,IN,01:25,3/27/2025 9:13:56 AM
31415E6D304FA6B6E0655EED8C8868D6,KY1,E0FCA01000,228-102,ShuttleActive,Transfer,,,,3/27/2025 9:13:58 AM
31415E6F4DE9A6B4E0655EED8C8868D6,KY1,E0FCA01000,228-102,CarrierDetect-1,Transfer,,,,3/27/2025 9:14:15 AM
31415E401CF8A6BAE0655EED8C8868D6,KY1,E0FCA01000,228-011,CarrierDetect-0,Conveyor,,,,3/27/2025 9:14:20 AM
31415E401CFBA6BAE0655EED8C8868D6,KY1,E0FCA01000,228-101,CarrierDetect-1,Conveyor,,,,3/27/2025 9:14:59 AM
31415E6F4DF3A6B4E0655EED8C8868D6,KY1,E0FCA01000,228-102,CarrierDetect-0,Transfer,,,,3/27/2025 9:15:02 AM
31415E401CFEA6BAE0655EED8C8868D6,KY1,E0FCA01000,228-102,ShuttleIdle,Transfer,77,OUT,01:25,3/27/2025 9:15:23 AM
31415E401CFFA6BAE0655EED8C8868D6,KY1,E0FCA01000,228-102,ShuttleActive,Transfer,,,,3/27/2025 9:15:23 AM
31415E6E4D80A6B8E0655EED8C8868D6,KY1,E0FCA01000,228-102,CarrierDetect-1,Transfer,,,,3/27/2025 9:15:44 AM
31415E401D05A6BAE0655EED8C8868D6,KY1,E0FCA01000,228-101,CarrierDetect-0,Conveyor,,,,3/27/2025 9:15:47 AM
31415E6D3061A6B6E0655EED8C8868D6,KY1,E0FCA01000,228-011,CarrierDetect-1,Conveyor,,,,3/27/2025 9:16:25 AM
31415E6D3063A6B6E0655EED8C8868D6,KY1,E0FCA01000,228-102,CarrierDetect-0,Transfer,,,,3/27/2025 9:16:30 AM
31415E6D3066A6B6E0655EED8C8868D6,KY1,E0FCA01000,228-102,ShuttleActive,Transfer,,,,3/27/2025 9:16:49 AM
31415E6E4D8FA6B8E0655EED8C8868D6,KY1,E0FCA01000,228-102,ShuttleIdle,Transfer,,,,3/27/2025 9:16:49 AM
31415E6E4D93A6B8E0655EED8C8868D6,KY1,E0FCA01000,228-102,CarrierDetect-1,Transfer,,,,3/27/2025 9:17:07 AM
31415E6D306BA6B6E0655EED8C8868D6,KY1,E0FCA01000,228-011,CarrierDetect-0,Conveyor,,,,3/27/2025 9:17:12 AM
31415E6F4E04A6B4E0655EED8C8868D6,KY1,E0FCA01000,228-101,CarrierDetect-1,Conveyor,,,,3/27/2025 9:17:52 AM
31415E6F1227A6B2E0655EED8C8868D6,KY1,E0FCA01000,228-102,CarrierDetect-0,Transfer,,,,3/27/2025 9:17:54 AM
31415E401D1CA6BAE0655EED8C8868D6,KY1,E0FCA01000,228-102,ShuttleIdle,Transfer,,,,3/27/2025 9:18:14 AM
31415E6D3072A6B6E0655EED8C8868D6,KY1,E0FCA01000,228-102,ShuttleActive,Transfer,,,,3/27/2025 9:18:15 AM
31415E401D23A6BAE0655EED8C8868D6,KY1,E0FCA01000,228-102,CarrierDetect-1,Transfer,,,,3/27/2025 9:18:36 AM
31415E401D25A6BAE0655EED8C8868D6,KY1,E0FCA01000,228-101,CarrierDetect-0,Conveyor,,,,3/27/2025 9:18:39 AM
31415E6F1232A6B2E0655EED8C8868D6,KY1,E0FCA01000,228-011,CarrierDetect-1,Conveyor,,,,3/27/2025 9:19:17 AM
31415E6F1233A6B2E0655EED8C8868D6,KY1,E0FCA01000,228-102,CarrierDetect-0,Transfer,,,,3/27/2025 9:19:22 AM
31415E6D3083A6B6E0655EED8C8868D6,KY1,E0FCA01000,228-102,ShuttleIdle,Transfer,78,IN,01:25,3/27/2025 9:19:40 AM
31415E401D2AA6BAE0655EED8C8868D6,KY1,E0FCA01000,228-102,ShuttleActive,Transfer,,,,3/27/2025 9:19:41 AM
31415E6E4DAEA6B8E0655EED8C8868D6,KY1,E0FCA01000,228-102,CarrierDetect-1,Transfer,,,,3/27/2025 9:19:59 AM
31415E401D32A6BAE0655EED8C8868D6,KY1,E0FCA01000,228-011,CarrierDetect-0,Conveyor,,,,3/27/2025 9:20:04 AM
31415E401D37A6BAE0655EED8C8868D6,KY1,E0FCA01000,228-101,CarrierDetect-1,Conveyor,,,,3/27/2025 9:20:43 AM
31415E6F1243A6B2E0655EED8C8868D6,KY1,E0FCA01000,228-102,CarrierDetect-0,Transfer,,,,3/27/2025 9:20:46 AM
31415E6F4E21A6B4E0655EED8C8868D6,KY1,E0FCA01000,228-102,ShuttleIdle,Transfer,79,OUT,01:25,3/27/2025 9:21:06 AM
31415E6F1247A6B2E0655EED8C8868D6,KY1,E0FCA01000,228-102,ShuttleActive,Transfer,,,,3/27/2025 9:21:07 AM
31415E401D41A6BAE0655EED8C8868D6,KY1,E0FCA01000,228-102,CarrierDetect-1,Transfer,,,,3/27/2025 9:21:28 AM
31415E6E4DBCA6B8E0655EED8C8868D6,KY1,E0FCA01000,228-101,CarrierDetect-0,Conveyor,,,,3/27/2025 9:21:32 AM
31415E6F124DA6B2E0655EED8C8868D6,KY1,E0FCA01000,228-011,CarrierDetect-1,Conveyor,,,,3/27/2025 9:22:09 AM
31415E401D47A6BAE0655EED8C8868D6,KY1,E0FCA01000,228-102,CarrierDetect-0,Transfer,,,,3/27/2025 9:22:14 AM
31415E6F4E32A6B4E0655EED8C8868D6,KY1,E0FCA01000,228-102,ShuttleIdle,Transfer,80,IN,01:25,3/27/2025 9:22:32 AM
31415E6D3095A6B6E0655EED8C8868D6,KY1,E0FCA01000,228-102,ShuttleActive,Transfer,,,,3/27/2025 9:22:33 AM
31415E6F1257A6B2E0655EED8C8868D6,KY1,E0FCA01000,228-102,CarrierDetect-1,Transfer,,,,3/27/2025 9:22:51 AM
31415E6E4DCEA6B8E0655EED8C8868D6,KY1,E0FCA01000,228-011,CarrierDetect-0,Conveyor,,,,3/27/2025 9:22:56 AM
31415E6F125CA6B2E0655EED8C8868D6,KY1,E0FCA01000,228-101,CarrierDetect-1,Conveyor,,,,3/27/2025 9:23:35 AM
31415E6E4DD3A6B8E0655EED8C8868D6,KY1,E0FCA01000,228-102,CarrierDetect-0,Transfer,,,,3/27/2025 9:23:38 AM
31415E401D56A6BAE0655EED8C8868D6,KY1,E0FCA01000,228-102,ShuttleIdle,Transfer,81,OUT,01:25,3/27/2025 9:23:58 AM
31415E401D57A6BAE0655EED8C8868D6,KY1,E0FCA01000,228-102,ShuttleActive,Transfer,,,,3/27/2025 9:23:59 AM
31415E6D30AEA6B6E0655EED8C8868D6,KY1,E0FCA01000,228-102,CarrierDetect-1,Transfer,,,,3/27/2025 9:24:19 AM
31415E6F4E3AA6B4E0655EED8C8868D6,KY1,E0FCA01000,228-101,CarrierDetect-0,Conveyor,,,,3/27/2025 9:24:23 AM
31415E401D5DA6BAE0655EED8C8868D6,KY1,E0FCA01000,228-011,CarrierDetect-1,Conveyor,,,,3/27/2025 9:25:01 AM
31415E6F126BA6B2E0655EED8C8868D6,KY1,E0FCA01000,228-102,CarrierDetect-0,Transfer,,,,3/27/2025 9:25:06 AM
31415E6D30B6A6B6E0655EED8C8868D6,KY1,E0FCA01000,228-102,ShuttleIdle,Transfer,82,IN,01:26,3/27/2025 9:25:25 AM
31415E6E4DE7A6B8E0655EED8C8868D6,KY1,E0FCA01000,228-102,ShuttleActive,Transfer,,,,3/27/2025 9:25:25 AM
31415E6E4DEAA6B8E0655EED8C8868D6,KY1,E0FCA01000,228-102,CarrierDetect-1,Transfer,,,,3/27/2025 9:25:43 AM
31415E401D69A6BAE0655EED8C8868D6,KY1,E0FCA01000,228-011,CarrierDetect-0,Conveyor,,,,3/27/2025 9:25:48 AM
31415E401D6BA6BAE0655EED8C8868D6,KY1,E0FCA01000,228-101,CarrierDetect-1,Conveyor,,,,3/27/2025 9:26:28 AM
31415E6D30BFA6B6E0655EED8C8868D6,KY1,E0FCA01000,228-102,CarrierDetect-0,Transfer,,,,3/27/2025 9:26:30 AM
31415E6E4DFAA6B8E0655EED8C8868D6,KY1,E0FCA01000,228-102,ShuttleIdle,Transfer,83,OUT,01:25,3/27/2025 9:26:50 AM
31415E401D6EA6BAE0655EED8C8868D6,KY1,E0FCA01000,228-102,ShuttleActive,Transfer,,,,3/27/2025 9:26:52 AM
31415E401D74A6BAE0655EED8C8868D6,KY1,E0FCA01000,228-102,CarrierDetect-1,Transfer,,,,3/27/2025 9:27:11 AM
31415E6F127BA6B2E0655EED8C8868D6,KY1,E0FCA01000,228-101,CarrierDetect-0,Conveyor,,,,3/27/2025 9:27:15 AM
31415E6E4E05A6B8E0655EED8C8868D6,KY1,E0FCA01000,228-011,CarrierDetect-1,Conveyor,,,,3/27/2025 9:27:53 AM
31415E6E4E08A6B8E0655EED8C8868D6,KY1,E0FCA01000,228-102,CarrierDetect-0,Transfer,,,,3/27/2025 9:27:58 AM
31415E401D7EA6BAE0655EED8C8868D6,KY1,E0FCA01000,228-102,ShuttleIdle,Transfer,84,IN,01:24,3/27/2025 9:28:16 AM
31415E6F127EA6B2E0655EED8C8868D6,KY1,E0FCA01000,228-102,ShuttleActive,Transfer,,,,3/27/2025 9:28:18 AM
31415E6F1284A6B2E0655EED8C8868D6,KY1,E0FCA01000,228-102,CarrierDetect-1,Transfer,,,,3/27/2025 9:28:36 AM
31415E6F4E65A6B4E0655EED8C8868D6,KY1,E0FCA01000,228-011,CarrierDetect-0,Conveyor,,,,3/27/2025 9:28:40 AM
31415E6F128BA6B2E0655EED8C8868D6,KY1,E0FCA01000,228-101,CarrierDetect-1,Conveyor,,,,3/27/2025 9:29:19 AM
31415E6D30DDA6B6E0655EED8C8868D6,KY1,E0FCA01000,228-102,CarrierDetect-0,Transfer,,,,3/27/2025 9:29:22 AM
31415E6F128EA6B2E0655EED8C8868D6,KY1,E0FCA01000,228-102,ShuttleIdle,Transfer,85,OUT,01:24,3/27/2025 9:29:42 AM
31415E6F4E6DA6B4E0655EED8C8868D6,KY1,E0FCA01000,228-102,ShuttleActive,Transfer,,,,3/27/2025 9:29:44 AM
31415E6F4E6EA6B4E0655EED8C8868D6,KY1,E0FCA01000,228-102,CarrierDetect-1,Transfer,,,,3/27/2025 9:30:03 AM
31415E6F1293A6B2E0655EED8C8868D6,KY1,E0FCA01000,228-101,CarrierDetect-0,Conveyor,,,,3/27/2025 9:30:07 AM
31415E6D30EBA6B6E0655EED8C8868D6,KY1,E0FCA01000,228-011,CarrierDetect-1,Conveyor,,,,3/27/2025 9:30:46 AM
31415E401D91A6BAE0655EED8C8868D6,KY1,E0FCA01000,228-102,CarrierDetect-0,Transfer,,,,3/27/2025 9:30:50 AM
31415E6F4E73A6B4E0655EED8C8868D6,KY1,E0FCA01000,228-102,ShuttleIdle,Transfer,86,IN,01:24,3/27/2025 9:31:08 AM
31415E6F129FA6B2E0655EED8C8868D6,KY1,E0FCA01000,228-102,ShuttleActive,Transfer,,,,3/27/2025 9:31:10 AM
31415E6E4E2BA6B8E0655EED8C8868D6,KY1,E0FCA01000,228-102,CarrierDetect-1,Transfer,,,,3/27/2025 9:31:27 AM
31415E401D99A6BAE0655EED8C8868D6,KY1,E0FCA01000,228-011,CarrierDetect-0,Conveyor,,,,3/27/2025 9:31:32 AM
31415E6F4E7DA6B4E0655EED8C8868D6,KY1,E0FCA01000,228-101,CarrierDetect-1,Conveyor,,,,3/27/2025 9:32:12 AM
31415E6E4E35A6B8E0655EED8C8868D6,KY1,E0FCA01000,228-102,CarrierDetect-0,Transfer,,,,3/27/2025 9:32:14 AM
31415E6D3101A6B6E0655EED8C8868D6,KY1,E0FCA01000,228-102,ShuttleIdle,Transfer,87,OUT,01:25,3/27/2025 9:32:35 AM
31415E6E4E39A6B8E0655EED8C8868D6,KY1,E0FCA01000,228-102,ShuttleActive,Transfer,,,,3/27/2025 9:32:36 AM
31415E6F12AFA6B2E0655EED8C8868D6,KY1,E0FCA01000,228-102,CarrierDetect-1,Transfer,,,,3/27/2025 9:32:56 AM
31415E6F12B1A6B2E0655EED8C8868D6,KY1,E0FCA01000,228-101,CarrierDetect-0,Conveyor,,,,3/27/2025 9:32:59 AM
31415E6F12B6A6B2E0655EED8C8868D6,KY1,E0FCA01000,228-011,CarrierDetect-1,Conveyor,,,,3/27/2025 9:33:38 AM
31415E401DACA6BAE0655EED8C8868D6,KY1,E0FCA01000,228-102,CarrierDetect-0,Transfer,,,,3/27/2025 9:33:43 AM
31415E6D3110A6B6E0655EED8C8868D6,KY1,E0FCA01000,228-102,ShuttleIdle,Transfer,88,IN,01:24,3/27/2025 9:34:00 AM
31415E6D3111A6B6E0655EED8C8868D6,KY1,E0FCA01000,228-102,ShuttleActive,Transfer,,,,3/27/2025 9:34:01 AM
31415E401DB2A6BAE0655EED8C8868D6,KY1,E0FCA01000,228-102,CarrierDetect-1,Transfer,,,,3/27/2025 9:34:20 AM
31415E6F4E8EA6B4E0655EED8C8868D6,KY1,E0FCA01000,228-011,CarrierDetect-0,Conveyor,,,,3/27/2025 9:34:24 AM
31415E6F12BEA6B2E0655EED8C8868D6,KY1,E0FCA01000,228-101,CarrierDetect-1,Conveyor,,,,3/27/2025 9:35:04 AM
31415E6E4E4EA6B8E0655EED8C8868D6,KY1,E0FCA01000,228-102,CarrierDetect-0,Transfer,,,,3/27/2025 9:35:06 AM
31415E6D311EA6B6E0655EED8C8868D6,KY1,E0FCA01000,228-102,ShuttleIdle,Transfer,89,OUT,01:25,3/27/2025 9:35:26 AM
31415E6E4E51A6B8E0655EED8C8868D6,KY1,E0FCA01000,228-102,ShuttleActive,Transfer,,,,3/27/2025 9:35:27 AM
31415E6F4EA0A6B4E0655EED8C8868D6,KY1,E0FCA01000,228-102,CarrierDetect-1,Transfer,,,,3/27/2025 9:35:47 AM
31415E401DBDA6BAE0655EED8C8868D6,KY1,E0FCA01000,228-101,CarrierDetect-0,Conveyor,,,,3/27/2025 9:35:51 AM
31415E6D3124A6B6E0655EED8C8868D6,KY1,E0FCA01000,228-011,CarrierDetect-1,Conveyor,,,,3/27/2025 9:36:29 AM
31415E401DC8A6BAE0655EED8C8868D6,KY1,E0FCA01000,228-102,CarrierDetect-0,Transfer,,,,3/27/2025 9:36:34 AM
31415E6F4EA6A6B4E0655EED8C8868D6,KY1,E0FCA01000,228-102,ShuttleIdle,Transfer,90,IN,01:26,3/27/2025 9:36:53 AM
31415E6E4E63A6B8E0655EED8C8868D6,KY1,E0FCA01000,228-102,ShuttleActive,Transfer,,,,3/27/2025 9:36:53 AM
31415E6F12D7A6B2E0655EED8C8868D6,KY1,E0FCA01000,228-102,CarrierDetect-1,Transfer,,,,3/27/2025 9:37:11 AM
31415E6F12D9A6B2E0655EED8C8868D6,KY1,E0FCA01000,228-011,CarrierDetect-0,Conveyor,,,,3/27/2025 9:37:16 AM
31415E401DD1A6BAE0655EED8C8868D6,KY1,E0FCA01000,228-101,CarrierDetect-1,Conveyor,,,,3/27/2025 9:37:56 AM
31415E6F12E5A6B2E0655EED8C8868D6,KY1,E0FCA01000,228-102,CarrierDetect-0,Transfer,,,,3/27/2025 9:37:58 AM
31415E6D3134A6B6E0655EED8C8868D6,KY1,E0FCA01000,228-102,ShuttleIdle,Transfer,91,OUT,01:25,3/27/2025 9:38:18 AM
31415E401DD4A6BAE0655EED8C8868D6,KY1,E0FCA01000,228-102,ShuttleActive,Transfer,,,,3/27/2025 9:38:20 AM
31415E6D313AA6B6E0655EED8C8868D6,KY1,E0FCA01000,228-102,CarrierDetect-1,Transfer,,,,3/27/2025 9:38:40 AM
31415E6F12EEA6B2E0655EED8C8868D6,KY1,E0FCA01000,228-101,CarrierDetect-0,Conveyor,,,,3/27/2025 9:38:43 AM
31415E6F4EBBA6B4E0655EED8C8868D6,KY1,E0FCA01000,228-011,CarrierDetect-1,Conveyor,,,,3/27/2025 9:39:21 AM
31415E6F4EBEA6B4E0655EED8C8868D6,KY1,E0FCA01000,228-102,CarrierDetect-0,Transfer,,,,3/27/2025 9:39:27 AM
31415E6F4EC3A6B4E0655EED8C8868D6,KY1,E0FCA01000,228-102,ShuttleActive,Transfer,,,,3/27/2025 9:39:45 AM
31415E6D3142A6B6E0655EED8C8868D6,KY1,E0FCA01000,228-102,ShuttleIdle,Transfer,,,,3/27/2025 9:39:45 AM
31415E401DE1A6BAE0655EED8C8868D6,KY1,E0FCA01000,228-102,CarrierDetect-1,Transfer,,,,3/27/2025 9:40:03 AM
31415E6D3149A6B6E0655EED8C8868D6,KY1,E0FCA01000,228-011,CarrierDetect-0,Conveyor,,,,3/27/2025 9:40:08 AM
31415E401DEAA6BAE0655EED8C8868D6,KY1,E0FCA01000,228-101,CarrierDetect-1,Conveyor,,,,3/27/2025 9:40:47 AM
31415E6F12FDA6B2E0655EED8C8868D6,KY1,E0FCA01000,228-102,CarrierDetect-0,Transfer,,,,3/27/2025 9:40:50 AM
31415E6F1304A6B2E0655EED8C8868D6,KY1,E0FCA01000,228-102,ShuttleIdle,Transfer,,,,3/27/2025 9:41:11 AM
31415E6E4E83A6B8E0655EED8C8868D6,KY1,E0FCA01000,228-102,ShuttleActive,Transfer,,,,3/27/2025 9:41:12 AM
31415E6E4E85A6B8E0655EED8C8868D6,KY1,E0FCA01000,228-102,CarrierDetect-1,Transfer,,,,3/27/2025 9:41:31 AM
31415E6D3157A6B6E0655EED8C8868D6,KY1,E0FCA01000,228-101,CarrierDetect-0,Conveyor,,,,3/27/2025 9:41:36 AM
31415E401DF4A6BAE0655EED8C8868D6,KY1,E0FCA01000,228-011,CarrierDetect-1,Conveyor,,,,3/27/2025 9:42:14 AM
31415E401DF5A6BAE0655EED8C8868D6,KY1,E0FCA01000,228-102,CarrierDetect-0,Transfer,,,,3/27/2025 9:42:18 AM
31415E6E4E93A6B8E0655EED8C8868D6,KY1,E0FCA01000,228-102,ShuttleIdle,Transfer,92,IN,01:24,3/27/2025 9:42:36 AM
31415E401DFBA6BAE0655EED8C8868D6,KY1,E0FCA01000,228-102,ShuttleActive,Transfer,,,,3/27/2025 9:42:37 AM
31415E6E4E95A6B8E0655EED8C8868D6,KY1,E0FCA01000,228-102,CarrierDetect-1,Transfer,,,,3/27/2025 9:42:56 AM
31415E6D3168A6B6E0655EED8C8868D6,KY1,E0FCA01000,228-011,CarrierDetect-0,Conveyor,,,,3/27/2025 9:43:00 AM
31415E6F1320A6B2E0655EED8C8868D6,KY1,E0FCA01000,228-101,CarrierDetect-1,Conveyor,,,,3/27/2025 9:43:39 AM
31415E6E4EA1A6B8E0655EED8C8868D6,KY1,E0FCA01000,228-102,CarrierDetect-0,Transfer,,,,3/27/2025 9:43:42 AM
31415E6D3170A6B6E0655EED8C8868D6,KY1,E0FCA01000,228-102,ShuttleIdle,Transfer,93,OUT,01:25,3/27/2025 9:44:02 AM
31415E6F1325A6B2E0655EED8C8868D6,KY1,E0FCA01000,228-102,ShuttleActive,Transfer,,,,3/27/2025 9:44:03 AM
31415E6D3177A6B6E0655EED8C8868D6,KY1,E0FCA01000,228-102,CarrierDetect-1,Transfer,,,,3/27/2025 9:44:23 AM
31415E6F4EE5A6B4E0655EED8C8868D6,KY1,E0FCA01000,228-101,CarrierDetect-0,Conveyor,,,,3/27/2025 9:44:27 AM
31415E6F4EE8A6B4E0655EED8C8868D6,KY1,E0FCA01000,228-011,CarrierDetect-1,Conveyor,,,,3/27/2025 9:45:05 AM
31415E6F132DA6B2E0655EED8C8868D6,KY1,E0FCA01000,228-102,CarrierDetect-0,Transfer,,,,3/27/2025 9:45:11 AM
31415E6E4EB3A6B8E0655EED8C8868D6,KY1,E0FCA01000,228-102,ShuttleIdle,Transfer,94,IN,01:26,3/27/2025 9:45:29 AM
31415E6F1330A6B2E0655EED8C8868D6,KY1,E0FCA01000,228-102,ShuttleActive,Transfer,,,,3/27/2025 9:45:30 AM
31415E6F1333A6B2E0655EED8C8868D6,KY1,E0FCA01000,228-102,CarrierDetect-1,Transfer,,,,3/27/2025 9:45:47 AM
31415E6E4EB7A6B8E0655EED8C8868D6,KY1,E0FCA01000,228-011,CarrierDetect-0,Conveyor,,,,3/27/2025 9:45:52 AM
31415E6E4EBCA6B8E0655EED8C8868D6,KY1,E0FCA01000,228-101,CarrierDetect-1,Conveyor,,,,3/27/2025 9:46:32 AM
31415E6E4EBDA6B8E0655EED8C8868D6,KY1,E0FCA01000,228-102,CarrierDetect-0,Transfer,,,,3/27/2025 9:46:34 AM
31415E6F133EA6B2E0655EED8C8868D6,KY1,E0FCA01000,228-102,ShuttleIdle,Transfer,95,OUT,01:25,3/27/2025 9:46:55 AM
31415E6E4EC2A6B8E0655EED8C8868D6,KY1,E0FCA01000,228-102,ShuttleActive,Transfer,,,,3/27/2025 9:46:56 AM
31415E6E4EC8A6B8E0655EED8C8868D6,KY1,E0FCA01000,228-102,CarrierDetect-1,Transfer,,,,3/27/2025 9:47:15 AM
31415E6F1341A6B2E0655EED8C8868D6,KY1,E0FCA01000,228-101,CarrierDetect-0,Conveyor,,,,3/27/2025 9:47:19 AM
31415E6D3190A6B6E0655EED8C8868D6,KY1,E0FCA01000,228-011,CarrierDetect-1,Conveyor,,,,3/27/2025 9:47:57 AM
31415E401E32A6BAE0655EED8C8868D6,KY1,E0FCA01000,228-102,CarrierDetect-0,Transfer,,,,3/27/2025 9:48:02 AM
31415E6F4F03A6B4E0655EED8C8868D6,KY1,E0FCA01000,228-102,ShuttleIdle,Transfer,96,IN,01:24,3/27/2025 9:48:20 AM
31415E6D3194A6B6E0655EED8C8868D6,KY1,E0FCA01000,228-102,ShuttleActive,Transfer,,,,3/27/2025 9:48:22 AM
31415E6F1352A6B2E0655EED8C8868D6,KY1,E0FCA01000,228-102,CarrierDetect-1,Transfer,,,,3/27/2025 9:48:39 AM
31415E6D3197A6B6E0655EED8C8868D6,KY1,E0FCA01000,228-011,CarrierDetect-0,Conveyor,,,,3/27/2025 9:48:44 AM
31415E6E4ED9A6B8E0655EED8C8868D6,KY1,E0FCA01000,228-101,CarrierDetect-1,Conveyor,,,,3/27/2025 9:49:24 AM
31415E6D31A3A6B6E0655EED8C8868D6,KY1,E0FCA01000,228-102,CarrierDetect-0,Transfer,,,,3/27/2025 9:49:26 AM
31415E6D31A7A6B6E0655EED8C8868D6,KY1,E0FCA01000,228-102,ShuttleIdle,Transfer,97,OUT,01:24,3/27/2025 9:49:46 AM
31415E6F4F10A6B4E0655EED8C8868D6,KY1,E0FCA01000,228-102,ShuttleActive,Transfer,,,,3/27/2025 9:49:47 AM
31415E6F4F15A6B4E0655EED8C8868D6,KY1,E0FCA01000,228-102,CarrierDetect-1,Transfer,,,,3/27/2025 9:50:08 AM
31415E6F4F16A6B4E0655EED8C8868D6,KY1,E0FCA01000,228-101,CarrierDetect-0,Conveyor,,,,3/27/2025 9:50:11 AM
31415E401E4AA6BAE0655EED8C8868D6,KY1,E0FCA01000,228-011,CarrierDetect-1,Conveyor,,,,3/27/2025 9:50:49 AM
31415E401E4CA6BAE0655EED8C8868D6,KY1,E0FCA01000,228-102,CarrierDetect-0,Transfer,,,,3/27/2025 9:50:55 AM
31415E401E4FA6BAE0655EED8C8868D6,KY1,E0FCA01000,228-102,ShuttleIdle,Transfer,98,IN,01:26,3/27/2025 9:51:13 AM
31415E6F136BA6B2E0655EED8C8868D6,KY1,E0FCA01000,228-102,ShuttleActive,Transfer,,,,3/27/2025 9:51:13 AM
31415E6D31BCA6B6E0655EED8C8868D6,KY1,E0FCA01000,228-102,CarrierDetect-1,Transfer,,,,3/27/2025 9:51:31 AM
31415E401E55A6BAE0655EED8C8868D6,KY1,E0FCA01000,228-011,CarrierDetect-0,Conveyor,,,,3/27/2025 9:51:36 AM
31415E6E4EE7A6B8E0655EED8C8868D6,KY1,E0FCA01000,228-101,CarrierDetect-1,Conveyor,,,,3/27/2025 9:52:15 AM
31415E6E4EE9A6B8E0655EED8C8868D6,KY1,E0FCA01000,228-102,CarrierDetect-0,Transfer,,,,3/27/2025 9:52:19 AM
31415E6D31C7A6B6E0655EED8C8868D6,KY1,E0FCA01000,228-102,ShuttleIdle,Transfer,99,OUT,01:25,3/27/2025 9:52:38 AM
31415E6D31C8A6B6E0655EED8C8868D6,KY1,E0FCA01000,228-102,ShuttleActive,Transfer,,,,3/27/2025 9:52:40 AM
31415E6F4F2AA6B4E0655EED8C8868D6,KY1,E0FCA01000,228-102,CarrierDetect-1,Transfer,,,,3/27/2025 9:53:00 AM
31415E401E61A6BAE0655EED8C8868D6,KY1,E0FCA01000,228-101,CarrierDetect-0,Conveyor,,,,3/27/2025 9:53:03 AM
31415E6D31D0A6B6E0655EED8C8868D6,KY1,E0FCA01000,228-011,CarrierDetect-1,Conveyor,,,,3/27/2025 9:53:41 AM
31415E6E4EF5A6B8E0655EED8C8868D6,KY1,E0FCA01000,228-102,CarrierDetect-0,Transfer,,,,3/27/2025 9:53:47 AM
31415E6F4F33A6B4E0655EED8C8868D6,KY1,E0FCA01000,228-102,ShuttleIdle,Transfer,100,IN,01:24,3/27/2025 9:54:04 AM
31415E6E4EFAA6B8E0655EED8C8868D6,KY1,E0FCA01000,228-102,ShuttleActive,Transfer,,,,3/27/2025 9:54:05 AM
31415E6F4F3BA6B4E0655EED8C8868D6,KY1,E0FCA01000,228-102,CarrierDetect-1,Transfer,,,,3/27/2025 9:54:24 AM
31415E6E4F01A6B8E0655EED8C8868D6,KY1,E0FCA01000,228-011,CarrierDetect-0,Conveyor,,,,3/27/2025 9:54:28 AM
31415E6D31DDA6B6E0655EED8C8868D6,KY1,E0FCA01000,228-101,CarrierDetect-1,Conveyor,,,,3/27/2025 9:55:08 AM
31415E6E4F07A6B8E0655EED8C8868D6,KY1,E0FCA01000,228-102,CarrierDetect-0,Transfer,,,,3/27/2025 9:55:10 AM
31415E6F4F45A6B4E0655EED8C8868D6,KY1,E0FCA01000,228-102,ShuttleIdle,Transfer,101,OUT,01:25,3/27/2025 9:55:30 AM
31415E6E4F0FA6B8E0655EED8C8868D6,KY1,E0FCA01000,228-102,ShuttleActive,Transfer,,,,3/27/2025 9:55:31 AM
31415E6F4F47A6B4E0655EED8C8868D6,KY1,E0FCA01000,228-102,CarrierDetect-1,Transfer,,,,3/27/2025 9:55:51 AM
31415E6F1396A6B2E0655EED8C8868D6,KY1,E0FCA01000,228-101,CarrierDetect-0,Conveyor,,,,3/27/2025 9:55:55 AM
31415E6E4F1AA6B8E0655EED8C8868D6,KY1,E0FCA01000,228-011,CarrierDetect-1,Conveyor,,,,3/27/2025 9:56:33 AM
31415E6D31F0A6B6E0655EED8C8868D6,KY1,E0FCA01000,228-102,CarrierDetect-0,Transfer,,,,3/27/2025 9:56:39 AM
31415E6F139DA6B2E0655EED8C8868D6,KY1,E0FCA01000,228-102,ShuttleIdle,Transfer,102,IN,01:25,3/27/2025 9:56:56 AM
31415E6F139FA6B2E0655EED8C8868D6,KY1,E0FCA01000,228-102,ShuttleActive,Transfer,,,,3/27/2025 9:56:58 AM
31415E6E4F24A6B8E0655EED8C8868D6,KY1,E0FCA01000,228-102,CarrierDetect-1,Transfer,,,,3/27/2025 9:57:15 AM
31415E401E82A6BAE0655EED8C8868D6,KY1,E0FCA01000,228-011,CarrierDetect-0,Conveyor,,,,3/27/2025 9:57:20 AM
31415E401E83A6BAE0655EED8C8868D6,KY1,E0FCA01000,228-101,CarrierDetect-1,Conveyor,,,,3/27/2025 9:57:59 AM
31415E401E85A6BAE0655EED8C8868D6,KY1,E0FCA01000,228-102,CarrierDetect-0,Transfer,,,,3/27/2025 9:58:03 AM
31415E6D3200A6B6E0655EED8C8868D6,KY1,E0FCA01000,228-102,ShuttleIdle,Transfer,103,OUT,01:24,3/27/2025 9:58:22 AM
31415E6F4F5AA6B4E0655EED8C8868D6,KY1,E0FCA01000,228-102,ShuttleActive,Transfer,,,,3/27/2025 9:58:23 AM
31415E6D3207A6B6E0655EED8C8868D6,KY1,E0FCA01000,228-102,CarrierDetect-1,Transfer,,,,3/27/2025 9:58:43 AM
31415E6E4F36A6B8E0655EED8C8868D6,KY1,E0FCA01000,228-101,CarrierDetect-0,Conveyor,,,,3/27/2025 9:58:47 AM
31415E6F13B4A6B2E0655EED8C8868D6,KY1,E0FCA01000,228-011,CarrierDetect-1,Conveyor,,,,3/27/2025 9:59:25 AM
31415E6F13B6A6B2E0655EED8C8868D6,KY1,E0FCA01000,228-102,CarrierDetect-0,Transfer,,,,3/27/2025 9:59:31 AM
31415E6F13BAA6B2E0655EED8C8868D6,KY1,E0FCA01000,228-102,ShuttleIdle,Transfer,104,IN,01:25,3/27/2025 9:59:48 AM
31415E6F13BBA6B2E0655EED8C8868D6,KY1,E0FCA01000,228-102,ShuttleActive,Transfer,,,,3/27/2025 9:59:50 AM
31415E6E4F47A6B8E0655EED8C8868D6,KY1,E0FCA01000,228-102,CarrierDetect-1,Transfer,,,,3/27/2025 10:00:07 AM
31415E6F4F6BA6B4E0655EED8C8868D6,KY1,E0FCA01000,228-011,CarrierDetect-0,Conveyor,,,,3/27/2025 10:00:12 AM
31415E6E4F50A6B8E0655EED8C8868D6,KY1,E0FCA01000,228-101,CarrierDetect-1,Conveyor,,,,3/27/2025 10:00:52 AM
31415E401E9BA6BAE0655EED8C8868D6,KY1,E0FCA01000,228-102,CarrierDetect-0,Transfer,,,,3/27/2025 10:00:55 AM
31415E6F13C5A6B2E0655EED8C8868D6,KY1,E0FCA01000,228-102,ShuttleIdle,Transfer,105,OUT,01:25,3/27/2025 10:01:15 AM
31415E6E4F52A6B8E0655EED8C8868D6,KY1,E0FCA01000,228-102,ShuttleActive,Transfer,,,,3/27/2025 10:01:15 AM
31415E401EA5A6BAE0655EED8C8868D6,KY1,E0FCA01000,228-102,CarrierDetect-1,Transfer,,,,3/27/2025 10:01:36 AM
31415E401EA6A6BAE0655EED8C8868D6,KY1,E0FCA01000,228-101,CarrierDetect-0,Conveyor,,,,3/27/2025 10:01:39 AM
31415E6E4F5BA6B8E0655EED8C8868D6,KY1,E0FCA01000,228-011,CarrierDetect-1,Conveyor,,,,3/27/2025 10:02:17 AM
31415E6F13D3A6B2E0655EED8C8868D6,KY1,E0FCA01000,228-102,CarrierDetect-0,Transfer,,,,3/27/2025 10:02:23 AM
31415E6D3225A6B6E0655EED8C8868D6,KY1,E0FCA01000,228-102,ShuttleIdle,Transfer,106,IN,01:26,3/27/2025 10:02:41 AM
31415E6F4F7EA6B4E0655EED8C8868D6,KY1,E0FCA01000,228-102,ShuttleActive,Transfer,,,,3/27/2025 10:02:41 AM
31415E6D3228A6B6E0655EED8C8868D6,KY1,E0FCA01000,228-102,CarrierDetect-1,Transfer,,,,3/27/2025 10:02:59 AM
31415E401EB8A6BAE0655EED8C8868D6,KY1,E0FCA01000,228-011,CarrierDetect-0,Conveyor,,,,3/27/2025 10:03:04 AM
31415E6E4F65A6B8E0655EED8C8868D6,KY1,E0FCA01000,228-101,CarrierDetect-1,Conveyor,,,,3/27/2025 10:03:44 AM
31415E6E4F66A6B8E0655EED8C8868D6,KY1,E0FCA01000,228-102,CarrierDetect-0,Transfer,,,,3/27/2025 10:03:46 AM
31415E6E4F67A6B8E0655EED8C8868D6,KY1,E0FCA01000,228-102,ShuttleIdle,Transfer,107,OUT,01:25,3/27/2025 10:04:06 AM
31415E6F13E4A6B2E0655EED8C8868D6,KY1,E0FCA01000,228-102,ShuttleActive,Transfer,,,,3/27/2025 10:04:08 AM
31415E401EC3A6BAE0655EED8C8868D6,KY1,E0FCA01000,228-102,CarrierDetect-1,Transfer,,,,3/27/2025 10:04:27 AM
31415E6D323BA6B6E0655EED8C8868D6,KY1,E0FCA01000,228-101,CarrierDetect-0,Conveyor,,,,3/27/2025 10:04:31 AM
31415E6F13EFA6B2E0655EED8C8868D6,KY1,E0FCA01000,228-011,CarrierDetect-1,Conveyor,,,,3/27/2025 10:05:09 AM
31415E401EC6A6BAE0655EED8C8868D6,KY1,E0FCA01000,228-102,CarrierDetect-0,Transfer,,,,3/27/2025 10:05:15 AM
31415E6F13F4A6B2E0655EED8C8868D6,KY1,E0FCA01000,228-102,ShuttleIdle,Transfer,108,IN,01:24,3/27/2025 10:05:32 AM
31415E401ECAA6BAE0655EED8C8868D6,KY1,E0FCA01000,228-102,ShuttleActive,Transfer,,,,3/27/2025 10:05:33 AM
31415E6F13F6A6B2E0655EED8C8868D6,KY1,E0FCA01000,228-102,CarrierDetect-1,Transfer,,,,3/27/2025 10:05:51 AM
31415E6F4F9AA6B4E0655EED8C8868D6,KY1,E0FCA01000,228-011,CarrierDetect-0,Conveyor,,,,3/27/2025 10:05:57 AM
